"Software Version",3.05.11,,,,,,,,,,,,,,,,,,,,,,,,,,,,,,,,,,,,,,,,,,,,,,,,,,,,,,,,,,,,,,,,,,,,,,,,,,,,,,,,,,,,,,,,,,,,,,,,,
,,,,,,,,,,,,,,,,,,,,,,,,,,,,,,,,,,,,,,,,,,,,,,,,,,,,,,,,,,,,,,,,,,,,,,,,,,,,,,,,,,,,,,,,,,,,,,,,,,
"Experiment File Path:",C:\Users\Public\Documents\Experiments\Arndt\AlexF\GrowthCurve24hr_201025_101935.xpt,,,,,,,,,,,,,,,,,,,,,,,,,,,,,,,,,,,,,,,,,,,,,,,,,,,,,,,,,,,,,,,,,,,,,,,,,,,,,,,,,,,,,,,,,,,,,,,,,
"Protocol File Path:","C:\Users\Public\Documents\Protocols\Arndt Lab\Alex\GrowthCurve24hr.prt",,,,,,,,,,,,,,,,,,,,,,,,,,,,,,,,,,,,,,,,,,,,,,,,,,,,,,,,,,,,,,,,,,,,,,,,,,,,,,,,,,,,,,,,,,,,,,,,,
"Plate Number","Plate 2",,,,,,,,,,,,,,,,,,,,,,,,,,,,,,,,,,,,,,,,,,,,,,,,,,,,,,,,,,,,,,,,,,,,,,,,,,,,,,,,,,,,,,,,,,,,,,,,,
Date,2020/11/24,,,,,,,,,,,,,,,,,,,,,,,,,,,,,,,,,,,,,,,,,,,,,,,,,,,,,,,,,,,,,,,,,,,,,,,,,,,,,,,,,,,,,,,,,,,,,,,,,
Time,12:53:15,,,,,,,,,,,,,,,,,,,,,,,,,,,,,,,,,,,,,,,,,,,,,,,,,,,,,,,,,,,,,,,,,,,,,,,,,,,,,,,,,,,,,,,,,,,,,,,,,
"Reader Type:",Cytation5,,,,,,,,,,,,,,,,,,,,,,,,,,,,,,,,,,,,,,,,,,,,,,,,,,,,,,,,,,,,,,,,,,,,,,,,,,,,,,,,,,,,,,,,,,,,,,,,,
"Reader Serial Number:",18110712,,,,,,,,,,,,,,,,,,,,,,,,,,,,,,,,,,,,,,,,,,,,,,,,,,,,,,,,,,,,,,,,,,,,,,,,,,,,,,,,,,,,,,,,,,,,,,,,,
"Reading Type",Reader,,,,,,,,,,,,,,,,,,,,,,,,,,,,,,,,,,,,,,,,,,,,,,,,,,,,,,,,,,,,,,,,,,,,,,,,,,,,,,,,,,,,,,,,,,,,,,,,,
,,,,,,,,,,,,,,,,,,,,,,,,,,,,,,,,,,,,,,,,,,,,,,,,,,,,,,,,,,,,,,,,,,,,,,,,,,,,,,,,,,,,,,,,,,,,,,,,,,
"Procedure Details",,,,,,,,,,,,,,,,,,,,,,,,,,,,,,,,,,,,,,,,,,,,,,,,,,,,,,,,,,,,,,,,,,,,,,,,,,,,,,,,,,,,,,,,,,,,,,,,,,
"Plate Type","96 WELL PLATE (Use plate lid)",,,,,,,,,,,,,,,,,,,,,,,,,,,,,,,,,,,,,,,,,,,,,,,,,,,,,,,,,,,,,,,,,,,,,,,,,,,,,,,,,,,,,,,,,,,,,,,,,
"Eject plate on completion",,,,,,,,,,,,,,,,,,,,,,,,,,,,,,,,,,,,,,,,,,,,,,,,,,,,,,,,,,,,,,,,,,,,,,,,,,,,,,,,,,,,,,,,,,,,,,,,,,
Read,"Absorbance Endpoint",,,,,,,,,,,,,,,,,,,,,,,,,,,,,,,,,,,,,,,,,,,,,,,,,,,,,,,,,,,,,,,,,,,,,,,,,,,,,,,,,,,,,,,,,,,,,,,,,
,"Full Plate",,,,,,,,,,,,,,,,,,,,,,,,,,,,,,,,,,,,,,,,,,,,,,,,,,,,,,,,,,,,,,,,,,,,,,,,,,,,,,,,,,,,,,,,,,,,,,,,,
,"Wavelengths:  600",,,,,,,,,,,,,,,,,,,,,,,,,,,,,,,,,,,,,,,,,,,,,,,,,,,,,,,,,,,,,,,,,,,,,,,,,,,,,,,,,,,,,,,,,,,,,,,,,
,"Read Speed: Normal,  Delay: 100 msec,  Measurements/Data Point: 8",,,,,,,,,,,,,,,,,,,,,,,,,,,,,,,,,,,,,,,,,,,,,,,,,,,,,,,,,,,,,,,,,,,,,,,,,,,,,,,,,,,,,,,,,,,,,,,,,
"Set Temperature","Setpoint 30°C, Gradient 0 °C",,,,,,,,,,,,,,,,,,,,,,,,,,,,,,,,,,,,,,,,,,,,,,,,,,,,,,,,,,,,,,,,,,,,,,,,,,,,,,,,,,,,,,,,,,,,,,,,,
,"Preheat before moving to next step",,,,,,,,,,,,,,,,,,,,,,,,,,,,,,,,,,,,,,,,,,,,,,,,,,,,,,,,,,,,,,,,,,,,,,,,,,,,,,,,,,,,,,,,,,,,,,,,,
Shake,"Double Orbital: 0:30 (MM:SS)",,,,,,,,,,,,,,,,,,,,,,,,,,,,,,,,,,,,,,,,,,,,,,,,,,,,,,,,,,,,,,,,,,,,,,,,,,,,,,,,,,,,,,,,,,,,,,,,,
,"Frequency: 425 cpm (3 mm)",,,,,,,,,,,,,,,,,,,,,,,,,,,,,,,,,,,,,,,,,,,,,,,,,,,,,,,,,,,,,,,,,,,,,,,,,,,,,,,,,,,,,,,,,,,,,,,,,
"Start Kinetic","Runtime 24:00:00 (HH:MM:SS), Interval 0:30:00, 49 Reads",,,,,,,,,,,,,,,,,,,,,,,,,,,,,,,,,,,,,,,,,,,,,,,,,,,,,,,,,,,,,,,,,,,,,,,,,,,,,,,,,,,,,,,,,,,,,,,,,
"    Shake","Double Orbital: Continuous",,,,,,,,,,,,,,,,,,,,,,,,,,,,,,,,,,,,,,,,,,,,,,,,,,,,,,,,,,,,,,,,,,,,,,,,,,,,,,,,,,,,,,,,,,,,,,,,,
,"Frequency: 425 cpm (3 mm)",,,,,,,,,,,,,,,,,,,,,,,,,,,,,,,,,,,,,,,,,,,,,,,,,,,,,,,,,,,,,,,,,,,,,,,,,,,,,,,,,,,,,,,,,,,,,,,,,
"    Read","Absorbance Endpoint",,,,,,,,,,,,,,,,,,,,,,,,,,,,,,,,,,,,,,,,,,,,,,,,,,,,,,,,,,,,,,,,,,,,,,,,,,,,,,,,,,,,,,,,,,,,,,,,,
,"Full Plate",,,,,,,,,,,,,,,,,,,,,,,,,,,,,,,,,,,,,,,,,,,,,,,,,,,,,,,,,,,,,,,,,,,,,,,,,,,,,,,,,,,,,,,,,,,,,,,,,
,"Wavelengths:  600",,,,,,,,,,,,,,,,,,,,,,,,,,,,,,,,,,,,,,,,,,,,,,,,,,,,,,,,,,,,,,,,,,,,,,,,,,,,,,,,,,,,,,,,,,,,,,,,,
,"Read Speed: Normal,  Delay: 100 msec,  Measurements/Data Point: 8",,,,,,,,,,,,,,,,,,,,,,,,,,,,,,,,,,,,,,,,,,,,,,,,,,,,,,,,,,,,,,,,,,,,,,,,,,,,,,,,,,,,,,,,,,,,,,,,,
"End Kinetic",,,,,,,,,,,,,,,,,,,,,,,,,,,,,,,,,,,,,,,,,,,,,,,,,,,,,,,,,,,,,,,,,,,,,,,,,,,,,,,,,,,,,,,,,,,,,,,,,,
,,,,,,,,,,,,,,,,,,,,,,,,,,,,,,,,,,,,,,,,,,,,,,,,,,,,,,,,,,,,,,,,,,,,,,,,,,,,,,,,,,,,,,,,,,,,,,,,,,
Layout,,,,,,,,,,,,,,,,,,,,,,,,,,,,,,,,,,,,,,,,,,,,,,,,,,,,,,,,,,,,,,,,,,,,,,,,,,,,,,,,,,,,,,,,,,,,,,,,,,
,,,,,,,,,,,,,,,,,,,,,,,,,,,,,,,,,,,,,,,,,,,,,,,,,,,,,,,,,,,,,,,,,,,,,,,,,,,,,,,,,,,,,,,,,,,,,,,,,,
,,1,2,3,4,5,6,7,8,9,10,11,12,,,,,,,,,,,,,,,,,,,,,,,,,,,,,,,,,,,,,,,,,,,,,,,,,,,,,,,,,,,,,,,,,,,,,,,,,,,,,,,,,,,,,
,A,SPL1,SPL1,SPL1,SPL2,SPL2,SPL2,SPL3,SPL3,SPL3,SPL4,SPL4,SPL4,"Well ID",,,,,,,,,,,,,,,,,,,,,,,,,,,,,,,,,,,,,,,,,,,,,,,,,,,,,,,,,,,,,,,,,,,,,,,,,,,,,,,,,,,,
,B,SPL5,SPL5,SPL5,SPL6,SPL6,SPL6,SPL7,SPL7,SPL7,SPL8,SPL8,SPL8,"Well ID",,,,,,,,,,,,,,,,,,,,,,,,,,,,,,,,,,,,,,,,,,,,,,,,,,,,,,,,,,,,,,,,,,,,,,,,,,,,,,,,,,,,
,C,SPL9,SPL9,SPL9,SPL10,SPL10,SPL10,SPL11,SPL11,SPL11,SPL12,SPL12,SPL12,"Well ID",,,,,,,,,,,,,,,,,,,,,,,,,,,,,,,,,,,,,,,,,,,,,,,,,,,,,,,,,,,,,,,,,,,,,,,,,,,,,,,,,,,,
,D,SPL13,SPL13,SPL13,SPL14,SPL14,SPL14,SPL15,SPL15,SPL15,SPL16,SPL16,SPL16,"Well ID",,,,,,,,,,,,,,,,,,,,,,,,,,,,,,,,,,,,,,,,,,,,,,,,,,,,,,,,,,,,,,,,,,,,,,,,,,,,,,,,,,,,
,E,SPL17,SPL17,SPL17,SPL18,SPL18,SPL18,SPL19,SPL19,SPL19,SPL20,SPL20,SPL20,"Well ID",,,,,,,,,,,,,,,,,,,,,,,,,,,,,,,,,,,,,,,,,,,,,,,,,,,,,,,,,,,,,,,,,,,,,,,,,,,,,,,,,,,,
,F,SPL21,SPL21,SPL21,SPL22,SPL22,SPL22,SPL23,SPL23,SPL23,SPL24,SPL24,SPL24,"Well ID",,,,,,,,,,,,,,,,,,,,,,,,,,,,,,,,,,,,,,,,,,,,,,,,,,,,,,,,,,,,,,,,,,,,,,,,,,,,,,,,,,,,
,G,SPL25,SPL25,SPL25,SPL26,SPL26,SPL26,SPL27,SPL27,SPL27,SPL28,SPL28,SPL28,"Well ID",,,,,,,,,,,,,,,,,,,,,,,,,,,,,,,,,,,,,,,,,,,,,,,,,,,,,,,,,,,,,,,,,,,,,,,,,,,,,,,,,,,,
,H,BLK,BLK,BLK,BLK,BLK,BLK,BLK,BLK,BLK,BLK,BLK,BLK,"Well ID",,,,,,,,,,,,,,,,,,,,,,,,,,,,,,,,,,,,,,,,,,,,,,,,,,,,,,,,,,,,,,,,,,,,,,,,,,,,,,,,,,,,
,,,,,,,,,,,,,,,,,,,,,,,,,,,,,,,,,,,,,,,,,,,,,,,,,,,,,,,,,,,,,,,,,,,,,,,,,,,,,,,,,,,,,,,,,,,,,,,,,,
Results,,,,,,,,,,,,,,,,,,,,,,,,,,,,,,,,,,,,,,,,,,,,,,,,,,,,,,,,,,,,,,,,,,,,,,,,,,,,,,,,,,,,,,,,,,,,,,,,,,
"Actual Temperature:",24.5,,,,,,,,,,,,,,,,,,,,,,,,,,,,,,,,,,,,,,,,,,,,,,,,,,,,,,,,,,,,,,,,,,,,,,,,,,,,,,,,,,,,,,,,,,,,,,,,,
,,,,,,,,,,,,,,,,,,,,,,,,,,,,,,,,,,,,,,,,,,,,,,,,,,,,,,,,,,,,,,,,,,,,,,,,,,,,,,,,,,,,,,,,,,,,,,,,,,
,,1,2,3,4,5,6,7,8,9,10,11,12,,,,,,,,,,,,,,,,,,,,,,,,,,,,,,,,,,,,,,,,,,,,,,,,,,,,,,,,,,,,,,,,,,,,,,,,,,,,,,,,,,,,,
,A,0.141,0.137,0.139,0.138,0.133,0.135,0.133,0.137,0.131,0.136,0.134,0.132,"Read 1:600",,,,,,,,,,,,,,,,,,,,,,,,,,,,,,,,,,,,,,,,,,,,,,,,,,,,,,,,,,,,,,,,,,,,,,,,,,,,,,,,,,,,
,B,0.142,0.136,0.143,0.14,0.154,0.136,0.137,0.133,0.139,0.134,0.135,0.136,"Read 1:600",,,,,,,,,,,,,,,,,,,,,,,,,,,,,,,,,,,,,,,,,,,,,,,,,,,,,,,,,,,,,,,,,,,,,,,,,,,,,,,,,,,,
,C,0.137,0.135,0.136,0.134,0.137,0.135,0.137,0.134,0.131,0.135,0.135,0.129,"Read 1:600",,,,,,,,,,,,,,,,,,,,,,,,,,,,,,,,,,,,,,,,,,,,,,,,,,,,,,,,,,,,,,,,,,,,,,,,,,,,,,,,,,,,
,D,0.139,0.131,0.14,0.133,0.137,0.13,0.138,0.134,0.137,0.141,0.135,0.139,"Read 1:600",,,,,,,,,,,,,,,,,,,,,,,,,,,,,,,,,,,,,,,,,,,,,,,,,,,,,,,,,,,,,,,,,,,,,,,,,,,,,,,,,,,,
,E,0.135,0.141,0.146,0.144,0.138,0.135,0.135,0.133,0.132,0.137,0.138,0.138,"Read 1:600",,,,,,,,,,,,,,,,,,,,,,,,,,,,,,,,,,,,,,,,,,,,,,,,,,,,,,,,,,,,,,,,,,,,,,,,,,,,,,,,,,,,
,F,0.138,0.136,0.142,0.14,0.137,0.137,0.137,0.136,0.135,0.132,0.138,0.133,"Read 1:600",,,,,,,,,,,,,,,,,,,,,,,,,,,,,,,,,,,,,,,,,,,,,,,,,,,,,,,,,,,,,,,,,,,,,,,,,,,,,,,,,,,,
,G,0.135,0.137,0.133,0.135,0.136,0.136,0.131,0.136,0.135,0.135,0.132,0.142,"Read 1:600",,,,,,,,,,,,,,,,,,,,,,,,,,,,,,,,,,,,,,,,,,,,,,,,,,,,,,,,,,,,,,,,,,,,,,,,,,,,,,,,,,,,
,H,0.122,0.125,0.117,0.121,0.122,0.121,0.121,0.118,0.122,0.122,0.126,0.12,"Read 1:600",,,,,,,,,,,,,,,,,,,,,,,,,,,,,,,,,,,,,,,,,,,,,,,,,,,,,,,,,,,,,,,,,,,,,,,,,,,,,,,,,,,,
,,,,,,,,,,,,,,,,,,,,,,,,,,,,,,,,,,,,,,,,,,,,,,,,,,,,,,,,,,,,,,,,,,,,,,,,,,,,,,,,,,,,,,,,,,,,,,,,,,
"Read 2:600",,,,,,,,,,,,,,,,,,,,,,,,,,,,,,,,,,,,,,,,,,,,,,,,,,,,,,,,,,,,,,,,,,,,,,,,,,,,,,,,,,,,,,,,,,,,,,,,,,
,,,,,,,,,,,,,,,,,,,,,,,,,,,,,,,,,,,,,,,,,,,,,,,,,,,,,,,,,,,,,,,,,,,,,,,,,,,,,,,,,,,,,,,,,,,,,,,,,,
,Time,"T° Read 2:600",A1,A2,A3,A4,A5,A6,A7,A8,A9,A10,A11,A12,B1,B2,B3,B4,B5,B6,B7,B8,B9,B10,B11,B12,C1,C2,C3,C4,C5,C6,C7,C8,C9,C10,C11,C12,D1,D2,D3,D4,D5,D6,D7,D8,D9,D10,D11,D12,E1,E2,E3,E4,E5,E6,E7,E8,E9,E10,E11,E12,F1,F2,F3,F4,F5,F6,F7,F8,F9,F10,F11,F12,G1,G2,G3,G4,G5,G6,G7,G8,G9,G10,G11,G12,H1,H2,H3,H4,H5,H6,H7,H8,H9,H10,H11,H12
,00:29:10,30,0.152,0.148,0.15,0.15,0.144,0.146,0.142,0.144,0.14,0.144,0.14,0.14,0.151,0.15,0.166,0.148,0.155,0.145,0.147,0.14,0.146,0.14,0.142,0.145,0.147,0.148,0.146,0.147,0.149,0.151,0.146,0.141,0.14,0.142,0.14,0.136,0.146,0.141,0.145,0.143,0.147,0.14,0.151,0.142,0.146,0.148,0.143,0.148,0.155,0.152,0.155,0.151,0.147,0.146,0.146,0.139,0.139,0.142,0.143,0.145,0.147,0.146,0.155,0.151,0.149,0.148,0.145,0.144,0.146,0.141,0.145,0.138,0.148,0.153,0.15,0.143,0.146,0.146,0.138,0.14,0.143,0.142,0.136,0.145,0.12,0.125,0.116,0.119,0.122,0.12,0.121,0.117,0.122,0.121,0.124,0.118
,00:59:10,30.1,0.192,0.184,0.185,0.191,0.18,0.181,0.177,0.177,0.171,0.171,0.165,0.168,0.185,0.191,0.203,0.176,0.187,0.177,0.183,0.17,0.183,0.168,0.171,0.185,0.186,0.189,0.185,0.191,0.189,0.202,0.177,0.166,0.169,0.166,0.162,0.16,0.165,0.169,0.164,0.173,0.173,0.172,0.18,0.178,0.181,0.175,0.174,0.186,0.221,0.185,0.189,0.178,0.185,0.192,0.18,0.169,0.165,0.17,0.163,0.173,0.177,0.18,0.197,0.192,0.19,0.19,0.175,0.173,0.18,0.17,0.169,0.163,0.191,0.203,0.194,0.174,0.179,0.181,0.16,0.157,0.166,0.158,0.152,0.157,0.119,0.124,0.116,0.119,0.122,0.12,0.12,0.117,0.122,0.121,0.123,0.118
,01:29:10,30,0.226,0.22,0.222,0.231,0.217,0.219,0.213,0.213,0.204,0.206,0.196,0.2,0.236,0.242,0.253,0.224,0.238,0.226,0.23,0.215,0.231,0.21,0.214,0.231,0.235,0.239,0.236,0.239,0.233,0.249,0.213,0.199,0.203,0.196,0.192,0.193,0.191,0.202,0.189,0.209,0.205,0.211,0.228,0.224,0.225,0.213,0.218,0.231,0.262,0.233,0.237,0.226,0.237,0.239,0.22,0.214,0.209,0.206,0.197,0.216,0.216,0.22,0.237,0.239,0.238,0.233,0.221,0.216,0.224,0.213,0.205,0.204,0.242,0.247,0.244,0.224,0.229,0.232,0.188,0.181,0.194,0.178,0.173,0.173,0.119,0.124,0.117,0.119,0.122,0.121,0.119,0.118,0.122,0.122,0.123,0.117
,01:59:10,30,0.252,0.244,0.247,0.257,0.243,0.245,0.238,0.239,0.23,0.232,0.223,0.227,0.274,0.282,0.295,0.259,0.279,0.26,0.265,0.25,0.265,0.241,0.24,0.265,0.269,0.278,0.274,0.275,0.263,0.287,0.24,0.226,0.228,0.221,0.219,0.22,0.216,0.231,0.215,0.239,0.234,0.241,0.259,0.257,0.258,0.239,0.247,0.258,0.307,0.265,0.269,0.263,0.268,0.272,0.244,0.238,0.236,0.228,0.229,0.243,0.244,0.248,0.262,0.267,0.264,0.259,0.25,0.246,0.253,0.237,0.235,0.234,0.278,0.287,0.277,0.255,0.26,0.26,0.214,0.206,0.221,0.199,0.197,0.192,0.119,0.124,0.117,0.12,0.122,0.121,0.119,0.117,0.122,0.122,0.123,0.117
,02:29:10,30,0.285,0.276,0.278,0.287,0.27,0.275,0.27,0.271,0.26,0.259,0.249,0.253,0.324,0.335,0.344,0.297,0.324,0.298,0.311,0.294,0.312,0.28,0.274,0.311,0.317,0.33,0.322,0.322,0.306,0.334,0.27,0.252,0.258,0.246,0.242,0.245,0.24,0.259,0.238,0.264,0.259,0.267,0.299,0.296,0.296,0.274,0.279,0.295,0.367,0.305,0.311,0.298,0.311,0.319,0.28,0.272,0.268,0.255,0.257,0.271,0.273,0.28,0.294,0.301,0.295,0.289,0.286,0.281,0.292,0.268,0.264,0.266,0.329,0.342,0.325,0.293,0.297,0.296,0.236,0.229,0.244,0.221,0.219,0.21,0.119,0.124,0.117,0.12,0.123,0.122,0.119,0.117,0.122,0.123,0.123,0.118
,02:59:10,30,0.328,0.32,0.322,0.326,0.309,0.316,0.312,0.313,0.301,0.293,0.281,0.286,0.385,0.4,0.392,0.343,0.374,0.342,0.369,0.349,0.369,0.325,0.317,0.366,0.373,0.387,0.378,0.376,0.355,0.389,0.308,0.286,0.295,0.277,0.268,0.274,0.264,0.287,0.261,0.293,0.287,0.294,0.345,0.344,0.346,0.316,0.322,0.342,0.433,0.357,0.366,0.344,0.363,0.375,0.324,0.317,0.309,0.291,0.293,0.308,0.312,0.32,0.339,0.345,0.337,0.329,0.332,0.326,0.343,0.306,0.301,0.304,0.389,0.407,0.385,0.341,0.343,0.345,0.261,0.252,0.27,0.243,0.241,0.23,0.119,0.124,0.117,0.121,0.123,0.123,0.119,0.118,0.122,0.123,0.124,0.118
,03:29:10,30,0.384,0.374,0.376,0.376,0.358,0.367,0.365,0.368,0.351,0.335,0.319,0.329,0.457,0.477,0.455,0.395,0.433,0.394,0.439,0.417,0.438,0.381,0.371,0.427,0.441,0.458,0.446,0.443,0.417,0.454,0.357,0.33,0.344,0.314,0.303,0.313,0.29,0.318,0.285,0.323,0.316,0.326,0.41,0.406,0.407,0.367,0.376,0.401,0.513,0.422,0.433,0.4,0.426,0.441,0.385,0.374,0.363,0.331,0.332,0.353,0.361,0.374,0.396,0.399,0.389,0.38,0.391,0.382,0.406,0.355,0.346,0.355,0.466,0.486,0.46,0.402,0.402,0.406,0.288,0.277,0.298,0.267,0.264,0.249,0.119,0.124,0.118,0.122,0.124,0.123,0.119,0.118,0.122,0.123,0.124,0.118
,03:59:10,30,0.455,0.443,0.444,0.439,0.415,0.43,0.43,0.436,0.416,0.387,0.368,0.382,0.541,0.561,0.533,0.456,0.499,0.455,0.523,0.495,0.518,0.443,0.433,0.498,0.522,0.539,0.526,0.52,0.485,0.527,0.418,0.384,0.403,0.362,0.346,0.36,0.318,0.351,0.313,0.353,0.346,0.36,0.485,0.479,0.482,0.43,0.441,0.472,0.606,0.498,0.513,0.466,0.498,0.517,0.45,0.442,0.427,0.378,0.38,0.404,0.422,0.439,0.465,0.465,0.452,0.443,0.46,0.453,0.478,0.41,0.402,0.412,0.553,0.577,0.545,0.472,0.472,0.477,0.317,0.304,0.329,0.294,0.288,0.272,0.119,0.124,0.118,0.123,0.124,0.124,0.119,0.118,0.122,0.124,0.124,0.119
,04:29:10,30.1,0.539,0.527,0.525,0.515,0.488,0.503,0.512,0.519,0.493,0.454,0.429,0.447,0.638,0.654,0.592,0.52,0.567,0.521,0.615,0.586,0.611,0.514,0.502,0.571,0.614,0.631,0.62,0.604,0.563,0.608,0.492,0.453,0.476,0.417,0.399,0.421,0.35,0.389,0.343,0.39,0.381,0.398,0.574,0.568,0.57,0.503,0.514,0.554,0.703,0.59,0.604,0.543,0.584,0.603,0.527,0.519,0.501,0.43,0.434,0.459,0.499,0.518,0.552,0.543,0.529,0.518,0.543,0.532,0.561,0.478,0.466,0.478,0.654,0.679,0.645,0.555,0.553,0.56,0.351,0.335,0.365,0.319,0.314,0.297,0.12,0.124,0.118,0.124,0.126,0.124,0.119,0.118,0.122,0.125,0.125,0.119
,04:59:10,30,0.638,0.625,0.622,0.603,0.573,0.59,0.607,0.616,0.586,0.532,0.501,0.523,0.744,0.762,0.708,0.593,0.646,0.594,0.723,0.691,0.715,0.594,0.579,0.656,0.72,0.738,0.725,0.7,0.651,0.697,0.58,0.533,0.563,0.487,0.463,0.49,0.387,0.431,0.378,0.431,0.42,0.438,0.673,0.668,0.669,0.586,0.602,0.647,0.81,0.694,0.712,0.634,0.677,0.695,0.609,0.606,0.587,0.486,0.494,0.518,0.589,0.612,0.649,0.634,0.618,0.607,0.639,0.625,0.654,0.553,0.543,0.552,0.766,0.793,0.757,0.65,0.645,0.653,0.391,0.369,0.406,0.349,0.346,0.323,0.12,0.124,0.118,0.124,0.127,0.125,0.12,0.118,0.122,0.126,0.125,0.119
,05:29:10,30,0.752,0.738,0.732,0.705,0.669,0.691,0.717,0.725,0.692,0.623,0.587,0.614,0.859,0.877,0.819,0.673,0.729,0.671,0.834,0.8,0.827,0.673,0.66,0.751,0.833,0.848,0.84,0.802,0.741,0.793,0.681,0.629,0.664,0.568,0.538,0.574,0.427,0.478,0.418,0.474,0.461,0.483,0.783,0.78,0.783,0.679,0.7,0.752,0.934,0.809,0.829,0.735,0.782,0.796,0.705,0.702,0.681,0.549,0.558,0.582,0.692,0.721,0.761,0.737,0.72,0.709,0.748,0.73,0.756,0.639,0.625,0.635,0.889,0.913,0.874,0.751,0.747,0.754,0.435,0.408,0.45,0.383,0.379,0.349,0.12,0.124,0.118,0.125,0.127,0.126,0.12,0.118,0.122,0.126,0.125,0.12
,05:59:10,30.1,0.879,0.862,0.854,0.817,0.777,0.8,0.836,0.848,0.811,0.723,0.685,0.716,0.978,0.999,0.938,0.757,0.818,0.753,0.956,0.924,0.95,0.768,0.757,0.845,0.954,0.968,0.963,0.913,0.839,0.896,0.796,0.736,0.778,0.658,0.626,0.67,0.471,0.531,0.462,0.521,0.508,0.53,0.9,0.901,0.903,0.78,0.808,0.864,1.073,0.934,0.954,0.842,0.894,0.909,0.807,0.81,0.786,0.614,0.628,0.652,0.808,0.839,0.885,0.851,0.831,0.817,0.866,0.848,0.866,0.732,0.72,0.724,1.012,1.035,0.996,0.862,0.857,0.865,0.483,0.452,0.499,0.42,0.414,0.383,0.12,0.124,0.118,0.125,0.128,0.126,0.12,0.118,0.122,0.127,0.126,0.12
,06:29:10,30,1.008,0.99,0.98,0.936,0.891,0.917,0.964,0.975,0.934,0.834,0.792,0.833,1.099,1.122,1.062,0.849,0.91,0.84,1.078,1.049,1.077,0.869,0.853,0.96,1.078,1.093,1.089,1.031,0.947,1.014,0.918,0.854,0.9,0.764,0.727,0.776,0.523,0.588,0.511,0.573,0.559,0.582,1.023,1.023,1.028,0.89,0.92,0.981,1.21,1.059,1.079,0.957,1.011,1.027,0.917,0.925,0.899,0.683,0.705,0.727,0.933,0.967,1.014,0.97,0.95,0.936,0.989,0.973,0.987,0.831,0.824,0.816,1.131,1.152,1.116,0.976,0.971,0.978,0.537,0.501,0.554,0.463,0.459,0.418,0.12,0.124,0.118,0.126,0.129,0.126,0.12,0.119,0.122,0.127,0.126,0.12
,06:59:10,30,1.145,1.123,1.114,1.061,1.015,1.042,1.098,1.108,1.066,0.955,0.91,0.95,1.213,1.233,1.187,0.944,1.002,0.931,1.198,1.171,1.197,0.99,0.965,1.086,1.197,1.214,1.207,1.153,1.061,1.145,1.048,0.981,1.028,0.874,0.839,0.89,0.577,0.652,0.563,0.631,0.614,0.636,1.14,1.146,1.149,1.004,1.033,1.097,1.325,1.182,1.201,1.073,1.123,1.144,1.039,1.05,1.016,0.757,0.786,0.803,1.062,1.098,1.147,1.094,1.07,1.059,1.116,1.096,1.113,0.939,0.932,0.923,1.241,1.254,1.229,1.087,1.084,1.09,0.594,0.554,0.614,0.506,0.502,0.457,0.12,0.124,0.118,0.126,0.129,0.126,0.12,0.118,0.122,0.127,0.126,0.12
,07:29:10,30.1,1.275,1.254,1.244,1.183,1.137,1.163,1.228,1.239,1.199,1.077,1.032,1.074,1.313,1.331,1.29,1.039,1.094,1.025,1.297,1.275,1.299,1.116,1.093,1.212,1.302,1.319,1.309,1.262,1.185,1.265,1.178,1.11,1.157,0.991,0.955,1.006,0.635,0.718,0.624,0.69,0.671,0.694,1.25,1.258,1.259,1.115,1.145,1.203,1.421,1.293,1.31,1.186,1.224,1.248,1.167,1.176,1.137,0.84,0.869,0.889,1.192,1.228,1.276,1.215,1.193,1.18,1.236,1.22,1.246,1.062,1.042,1.044,1.335,1.346,1.329,1.192,1.187,1.188,0.656,0.611,0.679,0.553,0.554,0.5,0.12,0.124,0.118,0.126,0.129,0.126,0.12,0.119,0.122,0.127,0.127,0.121
,07:59:10,30.1,1.402,1.38,1.369,1.303,1.256,1.284,1.355,1.365,1.327,1.198,1.158,1.191,1.405,1.415,1.387,1.129,1.184,1.122,1.387,1.366,1.388,1.23,1.214,1.309,1.395,1.405,1.395,1.351,1.297,1.361,1.306,1.239,1.288,1.108,1.073,1.127,0.701,0.79,0.687,0.75,0.731,0.751,1.349,1.357,1.357,1.223,1.244,1.298,1.507,1.387,1.403,1.29,1.314,1.333,1.291,1.29,1.262,0.935,0.959,0.984,1.319,1.354,1.397,1.331,1.311,1.298,1.347,1.332,1.37,1.186,1.16,1.171,1.421,1.428,1.419,1.282,1.28,1.279,0.727,0.676,0.744,0.601,0.608,0.543,0.12,0.124,0.119,0.126,0.129,0.127,0.12,0.119,0.122,0.127,0.127,0.121
,08:29:10,30.1,1.518,1.496,1.488,1.411,1.367,1.39,1.474,1.482,1.447,1.316,1.273,1.308,1.482,1.49,1.467,1.208,1.259,1.205,1.463,1.443,1.465,1.322,1.31,1.395,1.474,1.482,1.471,1.428,1.383,1.44,1.428,1.363,1.411,1.225,1.193,1.249,0.77,0.865,0.754,0.815,0.795,0.811,1.435,1.447,1.441,1.315,1.328,1.379,1.585,1.472,1.48,1.376,1.39,1.412,1.396,1.385,1.367,1.039,1.06,1.085,1.44,1.473,1.512,1.438,1.417,1.406,1.439,1.428,1.469,1.297,1.276,1.291,1.5,1.504,1.498,1.359,1.359,1.357,0.795,0.743,0.816,0.653,0.67,0.588,0.12,0.124,0.118,0.126,0.129,0.126,0.12,0.118,0.122,0.127,0.127,0.121
,08:59:10,30.1,1.62,1.6,1.594,1.502,1.464,1.484,1.58,1.585,1.559,1.423,1.389,1.41,1.555,1.559,1.534,1.278,1.324,1.276,1.536,1.517,1.537,1.397,1.388,1.464,1.547,1.551,1.538,1.498,1.457,1.509,1.543,1.48,1.527,1.34,1.305,1.362,0.843,0.938,0.826,0.879,0.859,0.872,1.514,1.526,1.518,1.396,1.404,1.455,1.654,1.549,1.557,1.448,1.458,1.484,1.482,1.466,1.454,1.141,1.155,1.185,1.55,1.579,1.609,1.526,1.513,1.502,1.521,1.51,1.551,1.381,1.376,1.381,1.577,1.578,1.578,1.431,1.431,1.433,0.867,0.813,0.89,0.709,0.735,0.635,0.119,0.124,0.119,0.126,0.129,0.127,0.12,0.118,0.122,0.127,0.127,0.121
,09:29:10,30,1.708,1.691,1.683,1.583,1.55,1.567,1.672,1.675,1.653,1.517,1.488,1.502,1.621,1.628,1.603,1.34,1.385,1.341,1.606,1.586,1.605,1.47,1.46,1.536,1.611,1.617,1.603,1.563,1.524,1.574,1.641,1.587,1.627,1.447,1.415,1.463,0.916,1.017,0.9,0.948,0.93,0.935,1.588,1.6,1.591,1.469,1.474,1.52,1.718,1.623,1.627,1.516,1.525,1.549,1.559,1.54,1.531,1.233,1.238,1.274,1.645,1.666,1.688,1.603,1.592,1.579,1.593,1.585,1.621,1.463,1.456,1.454,1.65,1.648,1.649,1.5,1.499,1.499,0.942,0.889,0.968,0.763,0.8,0.692,0.12,0.124,0.118,0.126,0.129,0.126,0.12,0.118,0.121,0.127,0.128,0.121
,09:59:10,30,1.783,1.768,1.76,1.654,1.624,1.642,1.751,1.753,1.736,1.603,1.578,1.585,1.685,1.687,1.669,1.396,1.443,1.399,1.668,1.651,1.669,1.536,1.528,1.595,1.672,1.678,1.661,1.626,1.584,1.637,1.719,1.675,1.708,1.541,1.51,1.549,0.992,1.096,0.975,1.018,1,1.004,1.655,1.667,1.659,1.534,1.537,1.589,1.777,1.691,1.692,1.584,1.588,1.614,1.629,1.607,1.601,1.311,1.31,1.346,1.723,1.738,1.754,1.669,1.659,1.649,1.656,1.651,1.688,1.528,1.524,1.52,1.714,1.713,1.714,1.564,1.562,1.564,1.019,0.964,1.046,0.817,0.865,0.742,0.119,0.123,0.118,0.126,0.129,0.126,0.12,0.118,0.121,0.127,0.128,0.121
,10:29:10,30,1.847,1.835,1.827,1.721,1.69,1.71,1.82,1.822,1.812,1.675,1.655,1.658,1.743,1.746,1.73,1.45,1.496,1.454,1.727,1.711,1.728,1.6,1.595,1.654,1.728,1.733,1.714,1.68,1.642,1.692,1.785,1.749,1.775,1.619,1.595,1.623,1.068,1.174,1.054,1.089,1.072,1.082,1.717,1.729,1.72,1.597,1.602,1.65,1.831,1.753,1.752,1.646,1.649,1.674,1.693,1.671,1.667,1.376,1.374,1.414,1.787,1.8,1.812,1.726,1.719,1.71,1.717,1.712,1.746,1.595,1.593,1.588,1.77,1.773,1.773,1.624,1.621,1.624,1.103,1.039,1.125,0.87,0.933,0.798,0.119,0.123,0.118,0.126,0.129,0.126,0.119,0.118,0.121,0.127,0.128,0.121
,10:59:10,30.1,1.904,1.893,1.884,1.78,1.751,1.772,1.881,1.881,1.874,1.74,1.722,1.718,1.796,1.799,1.785,1.501,1.547,1.507,1.783,1.766,1.781,1.662,1.655,1.715,1.778,1.782,1.766,1.734,1.697,1.743,1.841,1.81,1.833,1.687,1.667,1.687,1.147,1.253,1.132,1.16,1.141,1.164,1.772,1.784,1.776,1.651,1.658,1.705,1.881,1.809,1.806,1.706,1.706,1.732,1.749,1.73,1.727,1.437,1.433,1.471,1.841,1.853,1.863,1.775,1.772,1.763,1.77,1.768,1.801,1.651,1.65,1.643,1.822,1.825,1.825,1.679,1.677,1.678,1.179,1.118,1.203,0.93,1.006,0.856,0.119,0.123,0.118,0.126,0.129,0.126,0.12,0.118,0.121,0.126,0.128,0.121
,11:29:10,30,1.952,1.946,1.936,1.834,1.806,1.827,1.934,1.935,1.93,1.796,1.783,1.777,1.843,1.849,1.837,1.551,1.596,1.556,1.832,1.817,1.832,1.717,1.714,1.768,1.824,1.827,1.816,1.786,1.749,1.794,1.887,1.862,1.881,1.743,1.725,1.744,1.223,1.327,1.209,1.229,1.207,1.248,1.82,1.833,1.827,1.702,1.712,1.757,1.926,1.86,1.855,1.757,1.759,1.786,1.8,1.783,1.78,1.491,1.487,1.525,1.889,1.9,1.907,1.823,1.82,1.81,1.821,1.818,1.846,1.705,1.705,1.699,1.867,1.873,1.87,1.728,1.729,1.729,1.257,1.197,1.284,0.999,1.071,0.919,0.119,0.123,0.118,0.126,0.129,0.126,0.12,0.118,0.12,0.126,0.128,0.121
,11:59:10,30,1.995,1.99,1.98,1.883,1.855,1.877,1.98,1.98,1.978,1.848,1.831,1.831,1.886,1.896,1.888,1.6,1.643,1.602,1.879,1.862,1.879,1.767,1.765,1.814,1.865,1.869,1.859,1.835,1.799,1.84,1.929,1.907,1.924,1.794,1.776,1.792,1.299,1.403,1.286,1.304,1.284,1.329,1.866,1.875,1.87,1.749,1.758,1.798,1.968,1.906,1.902,1.806,1.809,1.835,1.844,1.832,1.83,1.546,1.538,1.573,1.93,1.943,1.947,1.865,1.863,1.853,1.865,1.864,1.89,1.759,1.755,1.752,1.908,1.917,1.909,1.773,1.773,1.774,1.331,1.274,1.359,1.072,1.149,0.987,0.119,0.123,0.118,0.126,0.128,0.126,0.119,0.118,0.12,0.126,0.128,0.121
,12:29:10,30,2.029,2.027,2.016,1.925,1.9,1.922,2.015,2.014,2.013,1.892,1.881,1.875,1.93,1.939,1.934,1.645,1.686,1.648,1.923,1.908,1.921,1.813,1.811,1.858,1.907,1.91,1.899,1.879,1.845,1.882,1.965,1.946,1.962,1.839,1.824,1.836,1.374,1.471,1.358,1.37,1.351,1.4,1.904,1.914,1.911,1.791,1.797,1.843,2.005,1.949,1.945,1.847,1.852,1.878,1.885,1.878,1.876,1.595,1.587,1.623,1.967,1.98,1.98,1.903,1.901,1.89,1.907,1.905,1.931,1.806,1.8,1.8,1.944,1.954,1.944,1.814,1.814,1.815,1.404,1.35,1.431,1.148,1.214,1.068,0.119,0.122,0.118,0.126,0.128,0.125,0.12,0.118,0.12,0.126,0.128,0.121
,12:59:10,30,2.052,2.051,2.042,1.966,1.94,1.961,2.037,2.037,2.036,1.936,1.924,1.916,1.968,1.979,1.975,1.689,1.727,1.691,1.961,1.948,1.962,1.858,1.854,1.896,1.946,1.948,1.939,1.92,1.886,1.919,1.996,1.981,1.994,1.876,1.863,1.877,1.446,1.535,1.431,1.432,1.414,1.461,1.938,1.948,1.946,1.831,1.837,1.882,2.033,1.984,1.98,1.884,1.891,1.917,1.924,1.919,1.916,1.642,1.634,1.663,1.996,2.007,2.007,1.937,1.936,1.923,1.943,1.944,1.968,1.846,1.842,1.84,1.973,1.985,1.974,1.851,1.851,1.852,1.474,1.424,1.5,1.239,1.289,1.159,0.119,0.122,0.118,0.126,0.128,0.125,0.119,0.118,0.12,0.126,0.128,0.12
,13:29:10,30,2.067,2.067,2.058,1.997,1.974,1.993,2.05,2.052,2.051,1.97,1.958,1.952,1.994,2.006,2.006,1.728,1.764,1.731,1.987,1.975,1.987,1.896,1.894,1.926,1.976,1.977,1.966,1.955,1.924,1.95,2.017,2.004,2.015,1.91,1.897,1.909,1.511,1.59,1.499,1.483,1.464,1.51,1.966,1.974,1.972,1.866,1.873,1.914,2.052,2.009,2.002,1.919,1.927,1.95,1.962,1.957,1.954,1.683,1.675,1.708,2.015,2.025,2.026,1.961,1.965,1.955,1.972,1.971,1.995,1.889,1.883,1.884,1.992,2.004,1.993,1.884,1.885,1.888,1.539,1.493,1.567,1.326,1.353,1.246,0.119,0.122,0.118,0.126,0.128,0.125,0.12,0.118,0.12,0.126,0.128,0.121
,13:59:10,30,2.075,2.075,2.067,2.018,1.998,2.016,2.057,2.059,2.056,1.992,1.983,1.975,2.011,2.024,2.025,1.763,1.799,1.766,2.003,1.992,2.002,1.932,1.925,1.959,1.993,1.994,1.984,1.982,1.954,1.976,2.03,2.02,2.03,1.939,1.929,1.94,1.571,1.638,1.562,1.534,1.513,1.557,1.982,1.99,1.988,1.894,1.901,1.938,2.06,2.023,2.017,1.95,1.957,1.977,1.992,1.984,1.984,1.726,1.715,1.745,2.025,2.035,2.036,1.988,1.991,1.981,1.991,1.988,2.011,1.925,1.92,1.926,2.002,2.013,2.004,1.914,1.915,1.918,1.597,1.558,1.62,1.41,1.414,1.34,0.119,0.122,0.118,0.126,0.127,0.125,0.119,0.118,0.12,0.124,0.128,0.12
,14:29:10,30.1,2.077,2.079,2.072,2.032,2.014,2.032,2.06,2.062,2.061,2.003,1.998,1.992,2.021,2.033,2.035,1.797,1.829,1.8,2.011,2.001,2.009,1.956,1.956,1.979,1.998,2.003,1.992,2.001,1.977,1.995,2.038,2.028,2.037,1.965,1.951,1.963,1.623,1.677,1.621,1.581,1.557,1.598,1.991,1.999,1.996,1.92,1.927,1.957,2.064,2.03,2.024,1.973,1.982,1.999,2.01,2.004,2.002,1.762,1.75,1.779,2.03,2.041,2.041,2.007,2.009,2.001,2.001,2,2.02,1.951,1.951,1.953,2.006,2.015,2.008,1.936,1.938,1.943,1.645,1.612,1.669,1.474,1.462,1.411,0.119,0.122,0.117,0.125,0.126,0.125,0.119,0.117,0.119,0.124,0.128,0.12
,14:59:10,30,2.077,2.08,2.072,2.04,2.022,2.039,2.061,2.064,2.063,2.012,2.005,1.995,2.023,2.037,2.038,1.828,1.858,1.832,2.015,2.004,2.012,1.971,1.97,1.987,2,2.007,1.995,2.014,1.99,2.007,2.041,2.032,2.041,1.985,1.972,1.983,1.672,1.721,1.674,1.623,1.595,1.638,1.992,2.002,1.997,1.935,1.944,1.973,2.066,2.032,2.029,1.991,1.996,2.015,2.02,2.014,2.012,1.797,1.786,1.81,2.031,2.042,2.044,2.022,2.021,2.014,2.006,2.005,2.026,1.971,1.968,1.973,2.007,2.014,2.008,1.952,1.953,1.958,1.692,1.661,1.712,1.524,1.517,1.471,0.119,0.122,0.117,0.125,0.126,0.124,0.119,0.117,0.119,0.123,0.128,0.12
,15:29:10,30.1,2.077,2.08,2.071,2.042,2.026,2.041,2.061,2.064,2.062,2.015,2.006,2.001,2.023,2.036,2.038,1.856,1.885,1.86,2.016,2.005,2.012,1.98,1.977,1.996,2.001,2.006,1.996,2.019,1.999,2.012,2.042,2.033,2.041,1.995,1.982,1.994,1.707,1.754,1.716,1.664,1.636,1.677,1.993,2.003,1.996,1.944,1.952,1.979,2.065,2.033,2.03,2.001,2.005,2.024,2.025,2.017,2.016,1.827,1.816,1.84,2.03,2.041,2.044,2.032,2.029,2.022,2.006,2.005,2.026,1.982,1.981,1.982,2.006,2.012,2.007,1.96,1.961,1.967,1.73,1.705,1.746,1.575,1.562,1.524,0.119,0.122,0.117,0.125,0.125,0.124,0.118,0.117,0.119,0.123,0.128,0.119
,15:59:10,30.1,2.077,2.079,2.071,2.043,2.027,2.042,2.061,2.064,2.062,2.015,2.011,1.999,2.022,2.035,2.038,1.882,1.911,1.884,2.015,2.005,2.011,1.98,1.976,1.998,1.999,2.005,1.996,2.022,2.002,2.014,2.042,2.034,2.041,2.001,1.99,2,1.743,1.786,1.757,1.697,1.674,1.712,1.99,2.002,1.994,1.949,1.956,1.983,2.064,2.032,2.028,2.005,2.01,2.028,2.025,2.018,2.016,1.854,1.846,1.869,2.03,2.039,2.042,2.036,2.033,2.025,2.005,2.005,2.026,1.99,1.985,1.987,2.004,2.01,2.006,1.965,1.967,1.971,1.759,1.74,1.775,1.619,1.601,1.575,0.118,0.121,0.117,0.125,0.124,0.123,0.118,0.117,0.119,0.123,0.128,0.119
,16:29:10,30.1,2.077,2.078,2.07,2.044,2.027,2.041,2.06,2.064,2.061,2.016,2.01,1.999,2.02,2.034,2.037,1.904,1.931,1.907,2.013,2.004,2.01,1.979,1.98,1.998,1.998,2.004,1.995,2.023,2.003,2.015,2.041,2.032,2.04,2.007,1.994,2.002,1.78,1.817,1.796,1.73,1.708,1.745,1.988,2,1.994,1.952,1.957,1.98,2.063,2.032,2.026,2.007,2.012,2.028,2.025,2.016,2.015,1.882,1.869,1.887,2.029,2.039,2.042,2.039,2.037,2.027,2.002,2.002,2.023,1.992,1.988,1.989,2.003,2.009,2.006,1.967,1.97,1.971,1.795,1.774,1.803,1.659,1.641,1.626,0.118,0.121,0.117,0.125,0.123,0.123,0.118,0.117,0.119,0.123,0.128,0.119
,16:59:10,30,2.076,2.077,2.069,2.043,2.026,2.04,2.061,2.064,2.061,2.016,2.01,2.002,2.019,2.033,2.037,1.924,1.948,1.926,2.012,2.003,2.01,1.98,1.981,2,1.996,2.002,1.994,2.023,2.004,2.016,2.04,2.031,2.038,2.008,1.998,2.004,1.813,1.843,1.827,1.763,1.737,1.778,1.986,1.998,1.992,1.952,1.958,1.983,2.063,2.031,2.024,2.007,2.013,2.028,2.024,2.013,2.014,1.904,1.894,1.909,2.028,2.038,2.04,2.04,2.04,2.029,1.999,2.001,2.021,1.997,1.988,1.992,2.001,2.008,2.005,1.967,1.97,1.971,1.822,1.807,1.832,1.693,1.682,1.662,0.118,0.121,0.117,0.125,0.123,0.123,0.118,0.117,0.118,0.123,0.127,0.118
,17:29:10,30,2.075,2.075,2.068,2.044,2.025,2.038,2.061,2.063,2.06,2.016,2.009,2.001,2.017,2.032,2.035,1.938,1.96,1.938,2.011,2.002,2.01,1.981,1.978,2.002,1.995,2.001,1.993,2.022,2.003,2.015,2.039,2.03,2.036,2.008,1.995,2.002,1.835,1.87,1.854,1.793,1.769,1.807,1.983,1.997,1.992,1.949,1.958,1.981,2.062,2.03,2.023,2.007,2.014,2.027,2.022,2.011,2.013,1.919,1.911,1.924,2.027,2.037,2.039,2.04,2.041,2.03,1.998,2,2.02,1.996,1.986,1.991,2,2.008,2.004,1.966,1.969,1.971,1.85,1.831,1.855,1.73,1.72,1.703,0.118,0.12,0.117,0.124,0.124,0.122,0.118,0.117,0.118,0.123,0.127,0.118
,17:59:10,30,2.075,2.075,2.068,2.043,2.024,2.037,2.06,2.063,2.059,2.015,2.008,1.998,2.017,2.031,2.035,1.947,1.97,1.948,2.01,2.002,2.008,1.98,1.978,2.002,1.994,2.001,1.992,2.022,2.002,2.015,2.038,2.029,2.035,2.008,1.997,2.005,1.861,1.899,1.881,1.823,1.798,1.834,1.982,1.996,1.992,1.949,1.959,1.982,2.061,2.028,2.022,2.007,2.014,2.026,2.021,2.01,2.011,1.929,1.92,1.933,2.027,2.036,2.038,2.039,2.041,2.031,1.997,1.998,2.02,1.996,1.988,1.99,1.998,2.007,2.003,1.966,1.968,1.969,1.875,1.853,1.879,1.764,1.748,1.734,0.118,0.121,0.117,0.123,0.123,0.122,0.117,0.117,0.118,0.123,0.127,0.118
,18:29:10,30,2.074,2.074,2.068,2.043,2.023,2.036,2.061,2.063,2.059,2.014,2.008,1.998,2.016,2.032,2.035,1.953,1.975,1.953,2.01,2.001,2.007,1.978,1.981,2.001,1.993,2,1.992,2.021,2.001,2.015,2.038,2.027,2.034,2.009,1.997,2.005,1.881,1.923,1.902,1.852,1.82,1.862,1.98,1.995,1.991,1.948,1.958,1.981,2.061,2.027,2.021,2.006,2.014,2.025,2.019,2.009,2.009,1.937,1.929,1.938,2.027,2.036,2.037,2.038,2.04,2.032,1.997,1.996,2.018,1.995,1.987,1.99,1.998,2.007,2.002,1.966,1.967,1.969,1.892,1.875,1.899,1.791,1.776,1.761,0.118,0.121,0.117,0.123,0.123,0.121,0.117,0.116,0.118,0.122,0.127,0.118
,18:59:10,30,2.074,2.073,2.067,2.043,2.023,2.035,2.061,2.062,2.058,2.015,2.009,1.999,2.016,2.031,2.034,1.956,1.977,1.956,2.009,2,2.007,1.978,1.98,1.997,1.992,2,1.991,2.021,2,2.014,2.037,2.026,2.033,2.008,1.994,2.003,1.897,1.947,1.922,1.876,1.847,1.885,1.979,1.995,1.991,1.95,1.956,1.982,2.061,2.027,2.02,2.006,2.013,2.025,2.018,2.008,2.009,1.939,1.932,1.942,2.027,2.035,2.036,2.037,2.04,2.034,1.997,1.995,2.017,1.994,1.987,1.986,1.997,2.007,2.002,1.965,1.968,1.968,1.912,1.895,1.918,1.818,1.809,1.789,0.118,0.121,0.116,0.123,0.122,0.122,0.117,0.116,0.118,0.123,0.127,0.118
,19:29:10,30.1,2.073,2.073,2.067,2.042,2.022,2.035,2.06,2.062,2.058,2.014,2.008,1.998,2.015,2.031,2.033,1.958,1.977,1.958,2.008,1.999,2.005,1.978,1.977,1.998,1.991,2,1.99,2.02,1.999,2.013,2.036,2.026,2.033,2.007,1.995,2.002,1.899,1.964,1.946,1.898,1.868,1.906,1.978,1.994,1.992,1.95,1.958,1.981,2.06,2.027,2.019,2.005,2.013,2.024,2.017,2.007,2.008,1.939,1.932,1.944,2.027,2.035,2.036,2.036,2.04,2.033,1.996,1.994,2.018,1.992,1.987,1.989,1.996,2.008,2.001,1.965,1.967,1.968,1.925,1.906,1.93,1.841,1.837,1.819,0.118,0.121,0.116,0.123,0.122,0.121,0.117,0.116,0.117,0.123,0.127,0.118
,19:59:10,30,2.073,2.072,2.067,2.042,2.021,2.035,2.061,2.062,2.057,2.014,2.007,1.997,2.015,2.03,2.033,1.959,1.978,1.959,2.008,1.998,2.005,1.978,1.975,1.998,1.99,1.999,1.99,2.02,1.998,2.012,2.035,2.025,2.031,2.007,1.994,2.003,1.919,1.976,1.952,1.919,1.887,1.927,1.977,1.994,1.991,1.95,1.957,1.978,2.06,2.026,2.019,2.005,2.013,2.023,2.017,2.006,2.006,1.941,1.935,1.947,2.027,2.035,2.035,2.035,2.04,2.033,1.996,1.993,2.017,1.989,1.988,1.985,1.996,2.007,2.001,1.965,1.967,1.968,1.929,1.91,1.939,1.865,1.854,1.834,0.118,0.12,0.116,0.123,0.121,0.12,0.117,0.115,0.117,0.122,0.126,0.118
,20:29:10,30,2.072,2.072,2.067,2.042,2.021,2.034,2.061,2.062,2.058,2.013,2.008,1.998,2.014,2.03,2.033,1.96,1.978,1.959,2.008,1.998,2.004,1.977,1.979,1.999,1.989,1.999,1.991,2.019,1.997,2.011,2.035,2.025,2.032,2.006,1.996,2.003,1.918,1.984,1.961,1.936,1.904,1.944,1.977,1.993,1.992,1.95,1.955,1.978,2.06,2.025,2.018,2.004,2.013,2.023,2.016,2.005,2.005,1.942,1.937,1.946,2.026,2.034,2.034,2.034,2.04,2.032,1.996,1.993,2.015,1.989,1.986,1.988,1.996,2.007,2,1.965,1.968,1.967,1.932,1.911,1.944,1.887,1.87,1.859,0.118,0.12,0.115,0.122,0.122,0.12,0.116,0.115,0.117,0.122,0.126,0.118
,20:59:10,30,2.072,2.072,2.066,2.041,2.021,2.034,2.061,2.062,2.057,2.013,2.006,1.996,2.015,2.03,2.032,1.961,1.978,1.96,2.008,1.997,2.003,1.977,1.979,1.995,1.989,1.998,1.99,2.018,1.997,2.01,2.034,2.025,2.031,2.006,1.995,2.001,1.921,1.988,1.965,1.95,1.92,1.96,1.976,1.992,1.993,1.95,1.954,1.979,2.06,2.025,2.017,2.002,2.012,2.023,2.016,2.005,2.004,1.943,1.936,1.947,2.027,2.034,2.033,2.034,2.039,2.033,1.995,1.992,2.016,1.99,1.987,1.986,1.996,2.007,1.999,1.965,1.967,1.966,1.932,1.913,1.944,1.905,1.888,1.87,0.118,0.12,0.115,0.122,0.122,0.12,0.117,0.115,0.117,0.123,0.126,0.117
,21:29:10,30.1,2.072,2.071,2.067,2.042,2.02,2.034,2.061,2.062,2.057,2.012,2.006,1.997,2.015,2.03,2.032,1.961,1.978,1.96,2.008,1.996,2.003,1.977,1.978,1.993,1.989,1.999,1.99,2.017,1.996,2.01,2.034,2.024,2.031,2.005,1.997,2.003,1.923,1.99,1.969,1.961,1.927,1.97,1.976,1.992,1.992,1.952,1.955,1.979,2.059,2.024,2.017,2.001,2.012,2.022,2.015,2.004,2.004,1.942,1.938,1.946,2.026,2.034,2.033,2.034,2.039,2.031,1.995,1.992,2.015,1.99,1.988,1.984,1.996,2.007,1.999,1.965,1.966,1.966,1.934,1.912,1.946,1.916,1.895,1.878,0.118,0.12,0.115,0.121,0.122,0.12,0.116,0.115,0.117,0.123,0.126,0.117
,21:59:10,30,2.071,2.071,2.066,2.041,2.02,2.033,2.061,2.062,2.058,2.013,2.006,1.996,2.015,2.029,2.032,1.961,1.978,1.959,2.008,1.997,2.003,1.977,1.978,1.994,1.988,1.998,1.99,2.018,1.997,2.009,2.034,2.023,2.03,2.006,1.996,2.003,1.926,1.994,1.971,1.969,1.937,1.977,1.976,1.991,1.992,1.95,1.957,1.979,2.059,2.024,2.016,2.001,2.011,2.022,2.015,2.003,2.003,1.942,1.936,1.949,2.027,2.034,2.033,2.033,2.039,2.032,1.995,1.992,2.015,1.986,1.987,1.986,1.996,2.008,1.999,1.965,1.966,1.966,1.935,1.913,1.946,1.923,1.901,1.888,0.118,0.12,0.115,0.121,0.122,0.119,0.116,0.114,0.116,0.122,0.126,0.117
,22:29:10,30.1,2.072,2.072,2.067,2.041,2.019,2.033,2.062,2.062,2.058,2.013,2.006,1.999,2.014,2.03,2.031,1.961,1.978,1.959,2.008,1.996,2.003,1.978,1.978,1.996,1.987,1.998,1.99,2.016,1.996,2.009,2.034,2.024,2.031,2.004,1.998,2.002,1.928,1.994,1.972,1.974,1.94,1.983,1.976,1.992,1.992,1.951,1.956,1.975,2.059,2.024,2.016,2.001,2.012,2.021,2.015,2.003,2.003,1.944,1.936,1.948,2.027,2.034,2.032,2.033,2.038,2.031,1.995,1.991,2.015,1.988,1.986,1.986,1.996,2.007,1.999,1.965,1.966,1.966,1.935,1.911,1.944,1.931,1.904,1.894,0.118,0.119,0.115,0.12,0.122,0.119,0.116,0.114,0.117,0.122,0.126,0.117
,22:59:10,30,2.072,2.072,2.067,2.042,2.02,2.033,2.062,2.062,2.057,2.011,2.004,1.997,2.014,2.03,2.032,1.96,1.977,1.959,2.009,1.996,2.003,1.979,1.974,1.993,1.987,1.998,1.99,2.016,1.996,2.009,2.034,2.024,2.03,2.004,1.994,2.002,1.928,1.995,1.974,1.978,1.944,1.987,1.977,1.991,1.992,1.951,1.955,1.977,2.059,2.023,2.016,2,2.011,2.021,2.016,2.002,2.003,1.942,1.937,1.947,2.026,2.034,2.033,2.033,2.038,2.03,1.994,1.99,2.015,1.988,1.988,1.982,1.996,2.008,1.999,1.965,1.966,1.966,1.934,1.912,1.944,1.934,1.904,1.896,0.118,0.119,0.115,0.12,0.123,0.118,0.116,0.114,0.116,0.122,0.126,0.117
,23:29:10,30,2.073,2.072,2.068,2.041,2.02,2.032,2.063,2.063,2.058,2.01,2.006,1.997,2.015,2.03,2.033,1.96,1.978,1.959,2.01,1.997,2.003,1.976,1.977,1.992,1.987,1.998,1.99,2.016,1.995,2.008,2.033,2.023,2.03,2.005,1.995,2.002,1.931,1.996,1.975,1.981,1.947,1.99,1.977,1.992,1.993,1.95,1.955,1.979,2.059,2.024,2.016,1.999,2.011,2.021,2.015,2.002,2.002,1.942,1.937,1.948,2.027,2.034,2.033,2.032,2.038,2.03,1.994,1.991,2.016,1.987,1.985,1.986,1.996,2.008,1.999,1.964,1.966,1.966,1.934,1.913,1.944,1.936,1.909,1.896,0.118,0.119,0.115,0.12,0.122,0.119,0.116,0.114,0.116,0.122,0.126,0.117
,23:59:10,30,2.073,2.072,2.068,2.041,2.02,2.033,2.063,2.063,2.059,2.012,2.004,1.998,2.015,2.031,2.033,1.96,1.978,1.959,2.01,1.997,2.005,1.979,1.978,1.995,1.988,1.999,1.99,2.016,1.995,2.008,2.034,2.025,2.029,2.004,1.995,2.002,1.931,1.997,1.975,1.983,1.95,1.992,1.978,1.993,1.993,1.953,1.954,1.976,2.059,2.023,2.015,1.999,2.011,2.021,2.016,2.002,2.003,1.942,1.937,1.947,2.026,2.034,2.033,2.032,2.038,2.03,1.994,1.99,2.016,1.985,1.986,1.985,1.997,2.009,2,1.964,1.965,1.966,1.936,1.914,1.94,1.94,1.912,1.899,0.118,0.119,0.115,0.119,0.122,0.119,0.116,0.114,0.116,0.121,0.126,0.117
,24:29:10,30,2.073,2.072,2.069,2.042,2.02,2.032,2.063,2.063,2.059,2.01,2.005,1.996,2.015,2.031,2.033,1.959,1.977,1.959,2.011,1.998,2.004,1.979,1.976,1.996,1.988,2,1.99,2.016,1.995,2.008,2.034,2.024,2.03,2.004,1.994,2.002,1.931,1.998,1.976,1.984,1.953,1.992,1.978,1.992,1.992,1.951,1.954,1.98,2.058,2.023,2.015,1.999,2.011,2.021,2.017,2.004,2.003,1.941,1.936,1.948,2.027,2.034,2.034,2.032,2.038,2.031,1.994,1.99,2.016,1.988,1.986,1.981,1.998,2.009,2,1.964,1.966,1.965,1.936,1.916,1.941,1.94,1.907,1.902,0.118,0.119,0.115,0.118,0.122,0.119,0.115,0.114,0.116,0.121,0.126,0.117
,,,,,,,,,,,,,,,,,,,,,,,,,,,,,,,,,,,,,,,,,,,,,,,,,,,,,,,,,,,,,,,,,,,,,,,,,,,,,,,,,,,,,,,,,,,,,,,,,,
Results,,,,,,,,,,,,,,,,,,,,,,,,,,,,,,,,,,,,,,,,,,,,,,,,,,,,,,,,,,,,,,,,,,,,,,,,,,,,,,,,,,,,,,,,,,,,,,,,,,
,,,,,,,,,,,,,,,,,,,,,,,,,,,,,,,,,,,,,,,,,,,,,,,,,,,,,,,,,,,,,,,,,,,,,,,,,,,,,,,,,,,,,,,,,,,,,,,,,,
,,1,2,3,4,5,6,7,8,9,10,11,12,,,,,,,,,,,,,,,,,,,,,,,,,,,,,,,,,,,,,,,,,,,,,,,,,,,,,,,,,,,,,,,,,,,,,,,,,,,,,,,,,,,,,
,A,0.019,0.015,0.017,0.016,0.012,0.014,0.011,0.015,0.01,0.015,0.012,0.011,"Blank Read 1:600",,,,,,,,,,,,,,,,,,,,,,,,,,,,,,,,,,,,,,,,,,,,,,,,,,,,,,,,,,,,,,,,,,,,,,,,,,,,,,,,,,,,
,B,0.021,0.015,0.021,0.019,0.033,0.015,0.016,0.012,0.018,0.013,0.013,0.015,"Blank Read 1:600",,,,,,,,,,,,,,,,,,,,,,,,,,,,,,,,,,,,,,,,,,,,,,,,,,,,,,,,,,,,,,,,,,,,,,,,,,,,,,,,,,,,
,C,0.015,0.013,0.014,0.013,0.015,0.013,0.015,0.012,0.009,0.014,0.013,0.007,"Blank Read 1:600",,,,,,,,,,,,,,,,,,,,,,,,,,,,,,,,,,,,,,,,,,,,,,,,,,,,,,,,,,,,,,,,,,,,,,,,,,,,,,,,,,,,
,D,0.018,0.009,0.019,0.012,0.016,0.009,0.016,0.013,0.016,0.019,0.014,0.018,"Blank Read 1:600",,,,,,,,,,,,,,,,,,,,,,,,,,,,,,,,,,,,,,,,,,,,,,,,,,,,,,,,,,,,,,,,,,,,,,,,,,,,,,,,,,,,
,E,0.013,0.019,0.025,0.023,0.017,0.013,0.014,0.011,0.01,0.015,0.017,0.016,"Blank Read 1:600",,,,,,,,,,,,,,,,,,,,,,,,,,,,,,,,,,,,,,,,,,,,,,,,,,,,,,,,,,,,,,,,,,,,,,,,,,,,,,,,,,,,
,F,0.016,0.014,0.021,0.019,0.016,0.016,0.016,0.015,0.014,0.01,0.017,0.011,"Blank Read 1:600",,,,,,,,,,,,,,,,,,,,,,,,,,,,,,,,,,,,,,,,,,,,,,,,,,,,,,,,,,,,,,,,,,,,,,,,,,,,,,,,,,,,
,G,0.014,0.016,0.012,0.014,0.015,0.015,0.009,0.015,0.013,0.014,0.01,0.02,"Blank Read 1:600",,,,,,,,,,,,,,,,,,,,,,,,,,,,,,,,,,,,,,,,,,,,,,,,,,,,,,,,,,,,,,,,,,,,,,,,,,,,,,,,,,,,
,H,0,0.004,-0.004,-0.001,0,0,0,-0.004,0.001,0.001,0.004,-0.001,"Blank Read 1:600",,,,,,,,,,,,,,,,,,,,,,,,,,,,,,,,,,,,,,,,,,,,,,,,,,,,,,,,,,,,,,,,,,,,,,,,,,,,,,,,,,,,
,,,,,,,,,,,,,,,,,,,,,,,,,,,,,,,,,,,,,,,,,,,,,,,,,,,,,,,,,,,,,,,,,,,,,,,,,,,,,,,,,,,,,,,,,,,,,,,,,,
"Blank Read 2:600",,,,,,,,,,,,,,,,,,,,,,,,,,,,,,,,,,,,,,,,,,,,,,,,,,,,,,,,,,,,,,,,,,,,,,,,,,,,,,,,,,,,,,,,,,,,,,,,,,
,,,,,,,,,,,,,,,,,,,,,,,,,,,,,,,,,,,,,,,,,,,,,,,,,,,,,,,,,,,,,,,,,,,,,,,,,,,,,,,,,,,,,,,,,,,,,,,,,,
,Time,A1,A2,A3,A4,A5,A6,A7,A8,A9,A10,A11,A12,B1,B2,B3,B4,B5,B6,B7,B8,B9,B10,B11,B12,C1,C2,C3,C4,C5,C6,C7,C8,C9,C10,C11,C12,D1,D2,D3,D4,D5,D6,D7,D8,D9,D10,D11,D12,E1,E2,E3,E4,E5,E6,E7,E8,E9,E10,E11,E12,F1,F2,F3,F4,F5,F6,F7,F8,F9,F10,F11,F12,G1,G2,G3,G4,G5,G6,G7,G8,G9,G10,G11,G12,H1,H2,H3,H4,H5,H6,H7,H8,H9,H10,H11,H12,
,00:29:10,0.032,0.028,0.03,0.03,0.024,0.026,0.022,0.024,0.019,0.023,0.02,0.019,0.03,0.029,0.045,0.027,0.034,0.025,0.027,0.02,0.025,0.02,0.022,0.024,0.027,0.027,0.026,0.026,0.028,0.03,0.026,0.021,0.019,0.022,0.02,0.015,0.026,0.021,0.025,0.023,0.026,0.02,0.03,0.022,0.026,0.027,0.023,0.027,0.035,0.031,0.034,0.03,0.026,0.026,0.025,0.019,0.018,0.022,0.022,0.024,0.027,0.026,0.034,0.031,0.029,0.027,0.024,0.024,0.025,0.02,0.025,0.018,0.028,0.032,0.03,0.023,0.025,0.026,0.017,0.02,0.023,0.022,0.016,0.025,-0.001,0.004,-0.004,-0.002,0.002,0,0,-0.004,0.002,0,0.003,-0.002,
,00:59:10,0.071,0.064,0.065,0.071,0.059,0.061,0.057,0.057,0.051,0.051,0.044,0.047,0.065,0.07,0.082,0.055,0.067,0.057,0.063,0.05,0.063,0.047,0.05,0.065,0.066,0.068,0.065,0.071,0.068,0.081,0.056,0.046,0.049,0.045,0.042,0.04,0.045,0.049,0.043,0.053,0.053,0.052,0.059,0.057,0.061,0.054,0.054,0.065,0.1,0.065,0.068,0.058,0.065,0.072,0.06,0.049,0.045,0.05,0.043,0.053,0.057,0.06,0.076,0.071,0.07,0.069,0.054,0.053,0.06,0.05,0.049,0.043,0.071,0.083,0.074,0.054,0.059,0.06,0.039,0.037,0.046,0.038,0.031,0.036,-0.001,0.004,-0.004,-0.002,0.002,0,0,-0.003,0.002,0.001,0.003,-0.002,
,01:29:10,0.106,0.1,0.101,0.11,0.097,0.099,0.092,0.093,0.084,0.085,0.076,0.079,0.116,0.122,0.132,0.103,0.118,0.106,0.109,0.095,0.111,0.09,0.093,0.111,0.114,0.118,0.116,0.119,0.112,0.128,0.093,0.079,0.082,0.076,0.071,0.073,0.071,0.081,0.069,0.088,0.085,0.09,0.107,0.103,0.105,0.092,0.098,0.111,0.142,0.112,0.117,0.106,0.116,0.119,0.1,0.093,0.088,0.086,0.077,0.096,0.096,0.099,0.117,0.119,0.118,0.113,0.101,0.096,0.104,0.093,0.085,0.083,0.121,0.127,0.124,0.104,0.109,0.111,0.067,0.061,0.074,0.057,0.053,0.052,-0.001,0.004,-0.003,-0.001,0.002,0.001,-0.001,-0.003,0.001,0.001,0.003,-0.003,
,01:59:10,0.132,0.124,0.127,0.136,0.123,0.124,0.117,0.119,0.109,0.112,0.103,0.106,0.154,0.162,0.174,0.138,0.158,0.14,0.144,0.13,0.145,0.12,0.12,0.145,0.149,0.158,0.154,0.155,0.142,0.167,0.12,0.105,0.108,0.101,0.098,0.099,0.095,0.111,0.095,0.119,0.114,0.121,0.139,0.137,0.138,0.119,0.127,0.137,0.187,0.144,0.149,0.143,0.148,0.152,0.124,0.117,0.116,0.108,0.108,0.122,0.124,0.127,0.141,0.147,0.143,0.138,0.129,0.126,0.132,0.117,0.114,0.114,0.158,0.167,0.157,0.135,0.139,0.14,0.093,0.086,0.1,0.079,0.076,0.072,-0.001,0.004,-0.004,-0.001,0.002,0.001,-0.001,-0.003,0.001,0.002,0.003,-0.003,
,02:29:10,0.165,0.156,0.158,0.166,0.15,0.155,0.149,0.15,0.14,0.138,0.128,0.132,0.204,0.215,0.223,0.176,0.204,0.178,0.19,0.173,0.191,0.159,0.153,0.19,0.196,0.209,0.201,0.201,0.185,0.214,0.15,0.132,0.137,0.126,0.121,0.124,0.119,0.139,0.117,0.144,0.139,0.146,0.179,0.175,0.175,0.153,0.159,0.174,0.246,0.184,0.191,0.178,0.19,0.199,0.16,0.151,0.147,0.135,0.136,0.151,0.153,0.159,0.174,0.181,0.175,0.169,0.165,0.16,0.172,0.147,0.144,0.145,0.209,0.222,0.205,0.173,0.176,0.176,0.116,0.109,0.124,0.101,0.098,0.09,-0.001,0.003,-0.004,0,0.002,0.001,-0.001,-0.003,0.001,0.002,0.003,-0.003,
,02:59:10,0.208,0.199,0.201,0.205,0.189,0.195,0.191,0.192,0.18,0.172,0.16,0.166,0.264,0.279,0.271,0.222,0.253,0.221,0.248,0.228,0.248,0.205,0.196,0.245,0.252,0.267,0.257,0.255,0.234,0.268,0.187,0.165,0.175,0.156,0.148,0.153,0.144,0.166,0.14,0.172,0.166,0.174,0.224,0.224,0.225,0.195,0.202,0.221,0.313,0.236,0.245,0.223,0.242,0.254,0.203,0.196,0.188,0.17,0.172,0.188,0.191,0.2,0.218,0.224,0.216,0.208,0.211,0.205,0.222,0.185,0.18,0.183,0.268,0.286,0.264,0.22,0.222,0.225,0.14,0.131,0.149,0.122,0.12,0.109,-0.002,0.003,-0.003,0,0.002,0.002,-0.002,-0.003,0.001,0.002,0.003,-0.003,
,03:29:10,0.263,0.253,0.255,0.255,0.237,0.246,0.244,0.247,0.23,0.214,0.198,0.208,0.336,0.356,0.334,0.274,0.312,0.273,0.318,0.295,0.317,0.26,0.25,0.306,0.32,0.337,0.325,0.322,0.296,0.333,0.236,0.209,0.222,0.193,0.182,0.192,0.169,0.197,0.164,0.202,0.194,0.205,0.289,0.285,0.286,0.246,0.254,0.28,0.392,0.301,0.312,0.279,0.305,0.32,0.264,0.253,0.242,0.21,0.211,0.232,0.24,0.253,0.275,0.278,0.268,0.259,0.269,0.261,0.285,0.234,0.225,0.234,0.344,0.365,0.339,0.281,0.28,0.285,0.167,0.156,0.176,0.145,0.143,0.128,-0.002,0.003,-0.004,0.001,0.003,0.002,-0.002,-0.003,0.001,0.002,0.003,-0.003,
,03:59:10,0.333,0.321,0.322,0.317,0.294,0.308,0.309,0.314,0.294,0.266,0.246,0.261,0.419,0.439,0.411,0.334,0.378,0.333,0.401,0.374,0.396,0.322,0.311,0.376,0.4,0.417,0.404,0.398,0.363,0.405,0.296,0.262,0.282,0.24,0.225,0.239,0.197,0.229,0.191,0.232,0.225,0.238,0.364,0.358,0.361,0.309,0.319,0.351,0.484,0.377,0.391,0.345,0.377,0.396,0.328,0.32,0.306,0.257,0.258,0.283,0.301,0.318,0.344,0.344,0.33,0.321,0.339,0.331,0.356,0.289,0.28,0.29,0.431,0.455,0.424,0.351,0.35,0.356,0.196,0.183,0.207,0.172,0.167,0.15,-0.002,0.002,-0.004,0.001,0.003,0.002,-0.003,-0.004,0.001,0.003,0.003,-0.003,
,04:29:10,0.417,0.405,0.403,0.393,0.366,0.381,0.39,0.397,0.371,0.332,0.307,0.325,0.516,0.533,0.47,0.398,0.445,0.399,0.493,0.464,0.489,0.392,0.38,0.449,0.492,0.509,0.498,0.482,0.441,0.486,0.37,0.331,0.354,0.296,0.277,0.299,0.228,0.267,0.221,0.268,0.259,0.276,0.452,0.446,0.448,0.381,0.392,0.432,0.581,0.468,0.482,0.421,0.462,0.481,0.405,0.397,0.379,0.308,0.312,0.337,0.377,0.396,0.43,0.421,0.407,0.397,0.421,0.41,0.439,0.356,0.344,0.356,0.532,0.558,0.523,0.434,0.431,0.438,0.229,0.213,0.243,0.197,0.192,0.175,-0.002,0.002,-0.004,0.002,0.004,0.003,-0.003,-0.004,0,0.003,0.003,-0.003,
,04:59:10,0.516,0.503,0.499,0.481,0.45,0.468,0.485,0.494,0.463,0.409,0.379,0.401,0.622,0.64,0.586,0.471,0.524,0.472,0.601,0.569,0.593,0.472,0.457,0.533,0.597,0.616,0.603,0.578,0.528,0.575,0.457,0.411,0.441,0.365,0.341,0.368,0.265,0.309,0.256,0.309,0.298,0.316,0.551,0.546,0.546,0.464,0.48,0.524,0.688,0.572,0.59,0.512,0.555,0.573,0.487,0.484,0.465,0.364,0.372,0.396,0.466,0.49,0.527,0.511,0.496,0.485,0.517,0.503,0.532,0.431,0.42,0.43,0.644,0.671,0.634,0.528,0.523,0.531,0.269,0.247,0.284,0.227,0.224,0.201,-0.003,0.002,-0.004,0.002,0.004,0.003,-0.002,-0.004,0,0.003,0.003,-0.003,
,05:29:10,0.629,0.615,0.609,0.582,0.547,0.568,0.595,0.602,0.569,0.5,0.465,0.492,0.737,0.754,0.696,0.55,0.607,0.548,0.711,0.677,0.704,0.55,0.538,0.628,0.71,0.726,0.717,0.679,0.618,0.671,0.558,0.506,0.541,0.445,0.415,0.451,0.304,0.355,0.295,0.351,0.338,0.36,0.661,0.658,0.66,0.557,0.577,0.63,0.811,0.686,0.707,0.612,0.659,0.673,0.582,0.58,0.558,0.426,0.436,0.459,0.57,0.598,0.639,0.614,0.597,0.586,0.625,0.608,0.633,0.517,0.503,0.512,0.766,0.79,0.751,0.628,0.624,0.631,0.312,0.286,0.327,0.26,0.256,0.226,-0.003,0.001,-0.005,0.002,0.005,0.003,-0.003,-0.005,0,0.003,0.003,-0.003,
,05:59:10,0.756,0.739,0.731,0.694,0.654,0.677,0.713,0.725,0.688,0.6,0.562,0.593,0.855,0.876,0.815,0.634,0.695,0.63,0.833,0.801,0.827,0.645,0.634,0.722,0.831,0.845,0.84,0.79,0.716,0.773,0.673,0.613,0.655,0.536,0.504,0.547,0.348,0.408,0.339,0.399,0.385,0.407,0.777,0.778,0.781,0.657,0.685,0.741,0.95,0.812,0.831,0.72,0.772,0.786,0.685,0.687,0.663,0.491,0.505,0.529,0.685,0.716,0.762,0.728,0.708,0.694,0.743,0.725,0.743,0.609,0.597,0.601,0.889,0.912,0.873,0.739,0.734,0.742,0.36,0.329,0.376,0.297,0.291,0.26,-0.003,0.001,-0.005,0.002,0.005,0.003,-0.003,-0.005,0,0.004,0.003,-0.003,
,06:29:10,0.885,0.867,0.857,0.813,0.768,0.794,0.841,0.852,0.811,0.711,0.669,0.71,0.976,0.999,0.939,0.726,0.787,0.716,0.955,0.926,0.954,0.746,0.73,0.837,0.955,0.97,0.965,0.908,0.824,0.891,0.795,0.731,0.777,0.641,0.604,0.653,0.4,0.465,0.388,0.45,0.436,0.459,0.9,0.9,0.905,0.767,0.797,0.858,1.087,0.936,0.956,0.834,0.888,0.904,0.794,0.802,0.776,0.56,0.582,0.604,0.81,0.844,0.891,0.847,0.827,0.813,0.866,0.85,0.863,0.708,0.701,0.693,1.008,1.029,0.993,0.853,0.848,0.855,0.414,0.378,0.431,0.34,0.336,0.295,-0.003,0.001,-0.005,0.003,0.005,0.003,-0.003,-0.004,-0.001,0.004,0.003,-0.003,
,06:59:10,1.022,0.999,0.99,0.938,0.892,0.919,0.974,0.985,0.943,0.832,0.787,0.827,1.09,1.11,1.064,0.821,0.878,0.808,1.075,1.047,1.074,0.867,0.842,0.963,1.074,1.091,1.083,1.029,0.938,1.022,0.925,0.858,0.905,0.751,0.716,0.767,0.454,0.528,0.44,0.508,0.491,0.513,1.017,1.023,1.026,0.881,0.91,0.973,1.201,1.059,1.078,0.95,1,1.021,0.916,0.927,0.893,0.633,0.662,0.68,0.939,0.974,1.024,0.971,0.947,0.936,0.992,0.973,0.99,0.816,0.809,0.8,1.117,1.131,1.105,0.964,0.961,0.967,0.471,0.431,0.491,0.383,0.379,0.333,-0.003,0.001,-0.005,0.003,0.005,0.003,-0.003,-0.005,-0.001,0.004,0.003,-0.003,
,07:29:10,1.152,1.13,1.12,1.059,1.014,1.04,1.105,1.116,1.075,0.954,0.909,0.951,1.19,1.207,1.167,0.916,0.971,0.902,1.174,1.152,1.176,0.993,0.969,1.089,1.179,1.196,1.186,1.139,1.062,1.142,1.054,0.987,1.034,0.868,0.832,0.883,0.512,0.595,0.5,0.567,0.548,0.571,1.127,1.135,1.136,0.992,1.022,1.08,1.298,1.17,1.187,1.063,1.101,1.124,1.044,1.052,1.013,0.716,0.746,0.766,1.069,1.105,1.152,1.091,1.07,1.057,1.113,1.097,1.123,0.939,0.919,0.921,1.212,1.222,1.206,1.068,1.064,1.065,0.532,0.488,0.555,0.43,0.431,0.377,-0.003,0.001,-0.005,0.003,0.005,0.003,-0.003,-0.005,-0.001,0.004,0.003,-0.003,
,07:59:10,1.278,1.257,1.245,1.18,1.133,1.16,1.232,1.242,1.204,1.074,1.035,1.068,1.281,1.292,1.264,1.006,1.061,0.999,1.263,1.243,1.264,1.107,1.091,1.186,1.272,1.282,1.272,1.228,1.174,1.238,1.183,1.115,1.165,0.984,0.95,1.003,0.578,0.667,0.564,0.627,0.607,0.628,1.226,1.234,1.233,1.1,1.121,1.175,1.384,1.263,1.279,1.166,1.19,1.209,1.168,1.167,1.139,0.812,0.836,0.861,1.196,1.23,1.274,1.208,1.188,1.175,1.223,1.209,1.247,1.063,1.037,1.048,1.297,1.305,1.296,1.159,1.157,1.155,0.604,0.553,0.621,0.478,0.484,0.419,-0.004,0.001,-0.005,0.003,0.006,0.003,-0.003,-0.005,-0.001,0.004,0.004,-0.002,
,08:29:10,1.395,1.372,1.364,1.288,1.244,1.267,1.351,1.359,1.324,1.192,1.15,1.185,1.359,1.367,1.343,1.085,1.136,1.081,1.34,1.32,1.342,1.199,1.187,1.272,1.351,1.359,1.347,1.304,1.26,1.317,1.304,1.24,1.288,1.102,1.07,1.125,0.646,0.742,0.631,0.691,0.672,0.688,1.312,1.324,1.318,1.191,1.205,1.256,1.462,1.349,1.357,1.253,1.267,1.289,1.273,1.262,1.244,0.916,0.937,0.962,1.317,1.35,1.389,1.315,1.294,1.283,1.316,1.305,1.346,1.173,1.153,1.168,1.376,1.381,1.375,1.236,1.236,1.234,0.672,0.62,0.693,0.53,0.547,0.465,-0.003,0.001,-0.005,0.003,0.006,0.003,-0.003,-0.005,-0.001,0.004,0.004,-0.002,
,08:59:10,1.497,1.477,1.47,1.379,1.341,1.361,1.457,1.461,1.436,1.299,1.266,1.287,1.432,1.436,1.411,1.155,1.201,1.153,1.413,1.393,1.414,1.274,1.265,1.34,1.423,1.428,1.415,1.374,1.334,1.386,1.42,1.357,1.404,1.217,1.182,1.239,0.72,0.815,0.703,0.756,0.736,0.749,1.391,1.403,1.395,1.273,1.281,1.332,1.531,1.426,1.434,1.325,1.335,1.36,1.359,1.343,1.331,1.017,1.032,1.062,1.427,1.456,1.486,1.403,1.39,1.379,1.397,1.387,1.428,1.258,1.253,1.258,1.454,1.455,1.455,1.308,1.308,1.31,0.744,0.69,0.767,0.586,0.611,0.512,-0.004,0,-0.005,0.003,0.006,0.003,-0.003,-0.005,-0.002,0.004,0.004,-0.002,
,09:29:10,1.585,1.568,1.56,1.46,1.427,1.444,1.549,1.552,1.53,1.394,1.365,1.379,1.498,1.505,1.48,1.217,1.262,1.217,1.482,1.463,1.482,1.347,1.337,1.413,1.488,1.494,1.479,1.44,1.401,1.451,1.518,1.464,1.504,1.324,1.292,1.34,0.793,0.894,0.777,0.825,0.807,0.811,1.465,1.477,1.468,1.345,1.351,1.397,1.595,1.5,1.504,1.393,1.402,1.426,1.436,1.417,1.408,1.11,1.115,1.151,1.522,1.543,1.565,1.48,1.469,1.455,1.47,1.462,1.498,1.34,1.333,1.331,1.527,1.525,1.526,1.377,1.376,1.376,0.819,0.766,0.845,0.64,0.677,0.569,-0.003,0.001,-0.005,0.003,0.006,0.003,-0.003,-0.005,-0.002,0.004,0.004,-0.002,
,09:59:10,1.66,1.644,1.637,1.531,1.501,1.519,1.627,1.63,1.613,1.479,1.455,1.462,1.562,1.564,1.546,1.273,1.32,1.276,1.544,1.527,1.546,1.413,1.405,1.472,1.549,1.555,1.538,1.503,1.461,1.514,1.596,1.552,1.585,1.418,1.387,1.426,0.869,0.973,0.852,0.895,0.877,0.881,1.532,1.544,1.536,1.411,1.414,1.465,1.654,1.567,1.569,1.461,1.465,1.49,1.505,1.484,1.478,1.188,1.187,1.223,1.6,1.615,1.631,1.545,1.536,1.526,1.533,1.528,1.565,1.405,1.401,1.397,1.591,1.59,1.59,1.441,1.439,1.441,0.896,0.841,0.923,0.694,0.741,0.619,-0.004,0,-0.005,0.003,0.006,0.003,-0.003,-0.005,-0.002,0.003,0.005,-0.002,
,10:29:10,1.724,1.712,1.704,1.598,1.567,1.587,1.697,1.699,1.689,1.552,1.532,1.535,1.62,1.623,1.607,1.326,1.373,1.331,1.604,1.588,1.605,1.477,1.472,1.531,1.605,1.61,1.591,1.557,1.519,1.568,1.662,1.626,1.652,1.496,1.472,1.5,0.945,1.051,0.931,0.966,0.949,0.959,1.594,1.606,1.597,1.474,1.479,1.527,1.708,1.63,1.629,1.523,1.526,1.551,1.57,1.548,1.544,1.253,1.251,1.291,1.664,1.677,1.689,1.602,1.596,1.586,1.594,1.589,1.623,1.471,1.47,1.465,1.647,1.65,1.65,1.501,1.498,1.501,0.98,0.916,1.002,0.747,0.81,0.675,-0.004,0,-0.005,0.003,0.006,0.003,-0.004,-0.005,-0.002,0.003,0.005,-0.002,
,10:59:10,1.781,1.77,1.761,1.657,1.628,1.649,1.758,1.758,1.751,1.617,1.599,1.595,1.673,1.676,1.662,1.378,1.424,1.384,1.66,1.643,1.658,1.539,1.532,1.592,1.655,1.659,1.643,1.611,1.574,1.62,1.718,1.687,1.71,1.564,1.544,1.564,1.024,1.13,1.009,1.037,1.018,1.041,1.649,1.661,1.653,1.528,1.535,1.582,1.758,1.686,1.683,1.583,1.583,1.609,1.626,1.607,1.604,1.314,1.31,1.348,1.718,1.731,1.741,1.652,1.649,1.64,1.647,1.645,1.678,1.528,1.527,1.52,1.699,1.702,1.702,1.556,1.554,1.555,1.056,0.995,1.08,0.807,0.883,0.733,-0.004,0,-0.004,0.003,0.006,0.003,-0.003,-0.005,-0.002,0.003,0.005,-0.002,
,11:29:10,1.829,1.823,1.813,1.711,1.684,1.704,1.811,1.812,1.807,1.673,1.66,1.654,1.72,1.726,1.714,1.428,1.474,1.433,1.709,1.694,1.709,1.594,1.591,1.645,1.702,1.704,1.693,1.663,1.627,1.671,1.765,1.739,1.758,1.62,1.603,1.621,1.101,1.205,1.086,1.106,1.085,1.125,1.697,1.71,1.704,1.579,1.589,1.634,1.803,1.737,1.732,1.635,1.636,1.663,1.677,1.66,1.657,1.368,1.364,1.402,1.766,1.778,1.785,1.701,1.697,1.688,1.698,1.696,1.723,1.582,1.582,1.577,1.744,1.751,1.747,1.605,1.606,1.606,1.134,1.074,1.162,0.876,0.948,0.797,-0.004,0,-0.005,0.003,0.006,0.003,-0.003,-0.005,-0.003,0.003,0.005,-0.002,
,11:59:10,1.873,1.868,1.857,1.76,1.732,1.755,1.857,1.857,1.855,1.725,1.708,1.708,1.764,1.773,1.765,1.477,1.52,1.48,1.756,1.74,1.756,1.644,1.642,1.692,1.743,1.746,1.736,1.712,1.676,1.717,1.806,1.784,1.802,1.672,1.654,1.669,1.176,1.28,1.163,1.181,1.161,1.206,1.743,1.753,1.747,1.626,1.636,1.675,1.846,1.783,1.78,1.684,1.687,1.712,1.722,1.71,1.707,1.424,1.416,1.45,1.808,1.82,1.824,1.743,1.74,1.73,1.742,1.741,1.767,1.636,1.632,1.63,1.785,1.794,1.786,1.65,1.65,1.651,1.208,1.152,1.236,0.949,1.026,0.864,-0.004,0,-0.005,0.003,0.006,0.003,-0.003,-0.004,-0.003,0.003,0.005,-0.002,
,12:29:10,1.906,1.904,1.894,1.802,1.778,1.799,1.893,1.892,1.89,1.769,1.759,1.753,1.807,1.816,1.811,1.522,1.563,1.526,1.8,1.786,1.798,1.69,1.688,1.735,1.784,1.788,1.777,1.756,1.722,1.759,1.842,1.824,1.839,1.716,1.702,1.714,1.251,1.349,1.236,1.247,1.228,1.277,1.782,1.792,1.788,1.668,1.675,1.72,1.883,1.827,1.822,1.724,1.729,1.755,1.762,1.755,1.753,1.473,1.464,1.5,1.845,1.857,1.857,1.781,1.778,1.767,1.784,1.782,1.809,1.684,1.677,1.678,1.821,1.832,1.821,1.691,1.691,1.693,1.282,1.227,1.309,1.025,1.091,0.946,-0.003,0,-0.005,0.003,0.005,0.003,-0.003,-0.005,-0.002,0.003,0.006,-0.002,
,12:59:10,1.93,1.929,1.919,1.843,1.818,1.838,1.914,1.915,1.914,1.813,1.801,1.793,1.845,1.857,1.853,1.566,1.604,1.568,1.839,1.826,1.839,1.736,1.731,1.774,1.823,1.825,1.816,1.798,1.763,1.796,1.874,1.858,1.871,1.753,1.74,1.754,1.323,1.412,1.308,1.309,1.292,1.339,1.816,1.826,1.824,1.708,1.715,1.76,1.911,1.862,1.857,1.762,1.768,1.795,1.802,1.797,1.793,1.519,1.511,1.541,1.874,1.885,1.884,1.815,1.814,1.801,1.82,1.822,1.846,1.724,1.719,1.717,1.851,1.862,1.852,1.728,1.728,1.73,1.352,1.301,1.378,1.117,1.166,1.036,-0.003,0,-0.005,0.003,0.005,0.003,-0.003,-0.004,-0.003,0.004,0.006,-0.002,
,13:29:10,1.944,1.945,1.936,1.875,1.852,1.871,1.927,1.929,1.928,1.847,1.835,1.829,1.872,1.884,1.884,1.605,1.642,1.609,1.865,1.853,1.864,1.774,1.772,1.804,1.853,1.855,1.844,1.832,1.802,1.827,1.895,1.881,1.893,1.788,1.775,1.787,1.388,1.468,1.376,1.361,1.342,1.387,1.843,1.851,1.849,1.744,1.75,1.791,1.929,1.886,1.88,1.796,1.805,1.827,1.84,1.834,1.832,1.561,1.552,1.586,1.892,1.902,1.903,1.839,1.842,1.832,1.85,1.849,1.872,1.767,1.761,1.761,1.869,1.881,1.871,1.762,1.762,1.765,1.416,1.371,1.444,1.204,1.231,1.123,-0.003,0,-0.005,0.003,0.005,0.002,-0.003,-0.005,-0.002,0.003,0.006,-0.002,
,13:59:10,1.952,1.953,1.945,1.896,1.876,1.894,1.935,1.937,1.934,1.87,1.861,1.852,1.889,1.902,1.903,1.641,1.677,1.644,1.881,1.869,1.88,1.81,1.803,1.837,1.871,1.872,1.862,1.86,1.832,1.854,1.908,1.898,1.908,1.817,1.807,1.818,1.449,1.516,1.44,1.412,1.391,1.435,1.86,1.868,1.866,1.772,1.779,1.816,1.938,1.9,1.894,1.827,1.835,1.855,1.87,1.862,1.862,1.603,1.593,1.623,1.903,1.913,1.914,1.865,1.868,1.859,1.869,1.866,1.889,1.803,1.798,1.804,1.879,1.89,1.881,1.791,1.793,1.796,1.474,1.435,1.498,1.288,1.292,1.218,-0.003,0,-0.005,0.004,0.005,0.003,-0.003,-0.004,-0.002,0.002,0.006,-0.002,
,14:29:10,1.955,1.957,1.95,1.91,1.893,1.91,1.938,1.94,1.939,1.881,1.876,1.87,1.899,1.911,1.913,1.675,1.707,1.678,1.889,1.879,1.887,1.834,1.835,1.857,1.876,1.882,1.87,1.879,1.855,1.873,1.916,1.906,1.915,1.843,1.829,1.842,1.501,1.555,1.499,1.46,1.435,1.476,1.869,1.877,1.874,1.798,1.806,1.835,1.942,1.908,1.902,1.852,1.86,1.877,1.888,1.882,1.88,1.64,1.628,1.657,1.909,1.919,1.919,1.885,1.887,1.879,1.879,1.878,1.898,1.829,1.829,1.831,1.884,1.893,1.886,1.814,1.817,1.821,1.523,1.49,1.547,1.352,1.341,1.289,-0.003,0,-0.004,0.004,0.004,0.003,-0.003,-0.004,-0.002,0.002,0.006,-0.002,
,14:59:10,1.956,1.959,1.951,1.918,1.901,1.917,1.939,1.942,1.942,1.891,1.883,1.874,1.902,1.915,1.917,1.706,1.736,1.71,1.893,1.883,1.89,1.85,1.849,1.865,1.879,1.885,1.874,1.893,1.868,1.885,1.919,1.91,1.919,1.863,1.85,1.861,1.551,1.599,1.552,1.502,1.473,1.516,1.871,1.88,1.875,1.814,1.822,1.851,1.944,1.91,1.907,1.87,1.874,1.894,1.898,1.892,1.89,1.675,1.665,1.689,1.909,1.92,1.922,1.901,1.9,1.892,1.885,1.883,1.904,1.85,1.846,1.851,1.885,1.892,1.887,1.83,1.831,1.836,1.57,1.539,1.591,1.403,1.395,1.349,-0.003,0,-0.004,0.004,0.004,0.002,-0.003,-0.004,-0.002,0.002,0.007,-0.002,
,15:29:10,1.956,1.959,1.95,1.921,1.905,1.92,1.939,1.943,1.941,1.894,1.885,1.88,1.902,1.914,1.917,1.735,1.764,1.738,1.895,1.883,1.891,1.858,1.856,1.875,1.879,1.885,1.875,1.898,1.878,1.891,1.921,1.912,1.92,1.873,1.861,1.873,1.586,1.632,1.595,1.542,1.514,1.556,1.871,1.882,1.874,1.823,1.831,1.858,1.944,1.911,1.908,1.88,1.884,1.902,1.904,1.896,1.894,1.706,1.695,1.719,1.909,1.919,1.923,1.911,1.908,1.9,1.885,1.884,1.904,1.86,1.859,1.861,1.885,1.891,1.886,1.839,1.84,1.846,1.609,1.583,1.624,1.454,1.44,1.403,-0.003,0,-0.004,0.004,0.004,0.003,-0.003,-0.004,-0.002,0.001,0.006,-0.002,
,15:59:10,1.956,1.958,1.95,1.922,1.906,1.92,1.939,1.943,1.941,1.894,1.89,1.878,1.901,1.914,1.917,1.761,1.79,1.763,1.894,1.884,1.89,1.859,1.855,1.876,1.878,1.884,1.874,1.901,1.881,1.893,1.921,1.912,1.919,1.88,1.868,1.878,1.622,1.665,1.636,1.576,1.553,1.59,1.869,1.88,1.872,1.828,1.835,1.862,1.943,1.911,1.907,1.884,1.889,1.906,1.904,1.897,1.895,1.733,1.725,1.747,1.909,1.918,1.921,1.915,1.912,1.904,1.884,1.884,1.904,1.869,1.864,1.866,1.883,1.889,1.885,1.844,1.846,1.85,1.638,1.619,1.654,1.498,1.48,1.454,-0.003,0,-0.004,0.004,0.003,0.002,-0.003,-0.004,-0.002,0.002,0.007,-0.002,
,16:29:10,1.956,1.957,1.949,1.923,1.906,1.92,1.939,1.943,1.94,1.895,1.889,1.878,1.899,1.913,1.916,1.783,1.81,1.786,1.892,1.883,1.889,1.858,1.859,1.877,1.877,1.883,1.874,1.902,1.883,1.894,1.92,1.911,1.919,1.886,1.874,1.881,1.659,1.696,1.675,1.609,1.587,1.624,1.867,1.879,1.873,1.831,1.836,1.859,1.942,1.911,1.905,1.886,1.891,1.907,1.904,1.895,1.894,1.761,1.749,1.766,1.908,1.918,1.921,1.918,1.916,1.906,1.881,1.881,1.902,1.871,1.867,1.868,1.882,1.888,1.885,1.846,1.849,1.85,1.674,1.653,1.682,1.538,1.52,1.505,-0.003,0,-0.004,0.004,0.002,0.002,-0.003,-0.004,-0.002,0.002,0.007,-0.002,
,16:59:10,1.955,1.956,1.948,1.922,1.905,1.919,1.94,1.943,1.94,1.895,1.889,1.881,1.898,1.912,1.916,1.804,1.827,1.806,1.892,1.882,1.889,1.859,1.86,1.879,1.875,1.882,1.873,1.902,1.883,1.896,1.92,1.911,1.917,1.887,1.877,1.883,1.692,1.722,1.706,1.643,1.616,1.657,1.865,1.877,1.871,1.831,1.837,1.862,1.942,1.91,1.904,1.887,1.892,1.907,1.903,1.892,1.894,1.783,1.773,1.788,1.907,1.917,1.92,1.919,1.919,1.908,1.879,1.88,1.901,1.876,1.867,1.871,1.881,1.887,1.884,1.846,1.849,1.851,1.702,1.686,1.711,1.573,1.561,1.541,-0.003,0,-0.004,0.004,0.002,0.002,-0.003,-0.004,-0.002,0.002,0.007,-0.002,
,17:29:10,1.955,1.955,1.948,1.923,1.905,1.918,1.941,1.943,1.94,1.896,1.888,1.881,1.897,1.912,1.915,1.817,1.84,1.817,1.89,1.882,1.89,1.86,1.857,1.882,1.875,1.881,1.873,1.902,1.883,1.895,1.919,1.909,1.915,1.888,1.875,1.882,1.715,1.75,1.733,1.673,1.648,1.687,1.863,1.877,1.871,1.828,1.837,1.86,1.941,1.91,1.902,1.887,1.893,1.907,1.901,1.89,1.892,1.799,1.791,1.804,1.907,1.917,1.919,1.92,1.921,1.91,1.878,1.879,1.9,1.876,1.866,1.871,1.88,1.888,1.884,1.846,1.849,1.85,1.729,1.711,1.734,1.61,1.6,1.582,-0.002,0,-0.004,0.004,0.003,0.002,-0.003,-0.004,-0.002,0.003,0.007,-0.002,
,17:59:10,1.954,1.955,1.948,1.922,1.904,1.916,1.94,1.943,1.939,1.894,1.887,1.878,1.896,1.911,1.915,1.827,1.849,1.827,1.89,1.881,1.888,1.859,1.858,1.882,1.873,1.88,1.872,1.902,1.882,1.895,1.918,1.908,1.915,1.888,1.876,1.884,1.74,1.779,1.76,1.702,1.677,1.714,1.861,1.875,1.871,1.829,1.839,1.862,1.941,1.908,1.902,1.887,1.893,1.906,1.9,1.89,1.891,1.809,1.8,1.813,1.907,1.916,1.918,1.918,1.92,1.911,1.876,1.877,1.899,1.875,1.867,1.87,1.878,1.887,1.883,1.846,1.848,1.849,1.754,1.732,1.759,1.643,1.627,1.613,-0.002,0.001,-0.004,0.003,0.002,0.002,-0.003,-0.004,-0.002,0.002,0.007,-0.002,
,18:29:10,1.954,1.954,1.947,1.923,1.903,1.916,1.94,1.942,1.938,1.894,1.888,1.878,1.896,1.912,1.915,1.833,1.855,1.833,1.889,1.881,1.887,1.858,1.861,1.881,1.873,1.88,1.871,1.901,1.881,1.895,1.917,1.907,1.914,1.889,1.877,1.884,1.761,1.803,1.781,1.732,1.7,1.742,1.86,1.875,1.87,1.828,1.838,1.861,1.94,1.907,1.9,1.886,1.893,1.905,1.899,1.889,1.889,1.817,1.808,1.818,1.907,1.916,1.917,1.918,1.92,1.912,1.877,1.876,1.898,1.875,1.867,1.87,1.877,1.887,1.882,1.845,1.847,1.848,1.772,1.755,1.779,1.671,1.656,1.641,-0.002,0.001,-0.004,0.003,0.003,0.001,-0.003,-0.004,-0.002,0.002,0.007,-0.002,
,18:59:10,1.954,1.953,1.947,1.923,1.903,1.915,1.941,1.942,1.938,1.895,1.889,1.879,1.896,1.911,1.914,1.836,1.857,1.836,1.889,1.88,1.887,1.858,1.86,1.877,1.872,1.88,1.871,1.901,1.88,1.893,1.917,1.906,1.913,1.888,1.874,1.883,1.777,1.826,1.802,1.756,1.727,1.765,1.859,1.875,1.871,1.829,1.836,1.862,1.941,1.907,1.9,1.886,1.893,1.905,1.898,1.888,1.888,1.819,1.812,1.822,1.907,1.915,1.916,1.917,1.92,1.913,1.876,1.875,1.896,1.874,1.867,1.866,1.877,1.887,1.882,1.845,1.847,1.848,1.792,1.775,1.797,1.698,1.689,1.669,-0.002,0.001,-0.004,0.003,0.002,0.002,-0.003,-0.004,-0.003,0.003,0.007,-0.002,
,19:29:10,1.953,1.953,1.947,1.922,1.902,1.915,1.941,1.942,1.938,1.894,1.888,1.878,1.895,1.911,1.913,1.838,1.857,1.838,1.888,1.879,1.885,1.858,1.857,1.878,1.871,1.88,1.871,1.9,1.879,1.893,1.916,1.906,1.913,1.887,1.875,1.882,1.779,1.844,1.826,1.778,1.748,1.786,1.858,1.874,1.872,1.83,1.838,1.861,1.94,1.907,1.899,1.885,1.893,1.904,1.897,1.887,1.888,1.819,1.813,1.824,1.907,1.916,1.916,1.916,1.92,1.913,1.876,1.874,1.898,1.872,1.867,1.869,1.876,1.888,1.881,1.845,1.847,1.848,1.805,1.786,1.81,1.722,1.717,1.699,-0.002,0.001,-0.004,0.003,0.002,0.001,-0.003,-0.004,-0.003,0.003,0.007,-0.002,
,19:59:10,1.953,1.953,1.948,1.923,1.902,1.915,1.941,1.942,1.938,1.894,1.887,1.878,1.895,1.91,1.914,1.84,1.858,1.839,1.889,1.878,1.885,1.859,1.856,1.879,1.87,1.88,1.871,1.9,1.879,1.893,1.915,1.906,1.912,1.887,1.875,1.883,1.799,1.857,1.833,1.799,1.768,1.807,1.858,1.874,1.872,1.83,1.837,1.859,1.941,1.907,1.899,1.885,1.893,1.904,1.897,1.887,1.887,1.821,1.815,1.827,1.907,1.915,1.915,1.915,1.92,1.913,1.876,1.873,1.897,1.869,1.868,1.865,1.876,1.887,1.881,1.846,1.848,1.848,1.81,1.791,1.819,1.746,1.734,1.714,-0.002,0.001,-0.004,0.003,0.002,0.001,-0.003,-0.004,-0.002,0.003,0.007,-0.002,
,20:29:10,1.953,1.952,1.947,1.923,1.901,1.915,1.941,1.942,1.938,1.893,1.888,1.878,1.895,1.911,1.914,1.841,1.858,1.84,1.889,1.879,1.884,1.857,1.86,1.88,1.87,1.879,1.872,1.9,1.878,1.892,1.915,1.905,1.912,1.886,1.876,1.884,1.799,1.864,1.842,1.817,1.785,1.825,1.858,1.874,1.872,1.831,1.835,1.858,1.941,1.906,1.898,1.885,1.893,1.904,1.897,1.886,1.886,1.822,1.818,1.826,1.907,1.915,1.915,1.915,1.92,1.913,1.876,1.873,1.896,1.869,1.867,1.868,1.877,1.888,1.881,1.846,1.848,1.848,1.812,1.792,1.824,1.768,1.75,1.739,-0.002,0,-0.004,0.003,0.002,0.001,-0.003,-0.005,-0.002,0.003,0.007,-0.001,
,20:59:10,1.953,1.953,1.947,1.922,1.902,1.914,1.942,1.942,1.938,1.893,1.887,1.877,1.896,1.91,1.913,1.842,1.859,1.841,1.888,1.878,1.883,1.858,1.86,1.875,1.869,1.879,1.87,1.899,1.878,1.891,1.915,1.906,1.912,1.886,1.876,1.882,1.801,1.868,1.846,1.83,1.801,1.841,1.857,1.873,1.874,1.83,1.835,1.86,1.941,1.906,1.898,1.883,1.893,1.903,1.896,1.886,1.885,1.823,1.817,1.828,1.908,1.915,1.914,1.915,1.92,1.913,1.876,1.873,1.897,1.87,1.867,1.867,1.877,1.888,1.88,1.846,1.848,1.847,1.813,1.794,1.825,1.785,1.769,1.751,-0.001,0.001,-0.004,0.003,0.003,0.001,-0.003,-0.005,-0.003,0.003,0.007,-0.002,
,21:29:10,1.953,1.952,1.948,1.923,1.901,1.915,1.942,1.943,1.938,1.893,1.887,1.878,1.896,1.91,1.913,1.842,1.859,1.84,1.888,1.877,1.884,1.858,1.859,1.874,1.87,1.879,1.871,1.898,1.877,1.891,1.915,1.905,1.912,1.886,1.878,1.884,1.804,1.871,1.85,1.842,1.808,1.851,1.857,1.873,1.873,1.833,1.836,1.86,1.94,1.905,1.898,1.882,1.893,1.903,1.896,1.885,1.885,1.822,1.819,1.827,1.907,1.915,1.914,1.914,1.92,1.912,1.876,1.872,1.895,1.871,1.869,1.865,1.876,1.888,1.88,1.846,1.847,1.847,1.815,1.793,1.827,1.797,1.776,1.758,-0.001,0.001,-0.004,0.002,0.003,0.001,-0.003,-0.004,-0.003,0.003,0.007,-0.002,
,21:59:10,1.952,1.953,1.947,1.922,1.901,1.914,1.942,1.943,1.939,1.894,1.887,1.877,1.896,1.91,1.913,1.842,1.859,1.84,1.889,1.878,1.885,1.858,1.859,1.875,1.869,1.879,1.871,1.899,1.878,1.89,1.915,1.904,1.911,1.887,1.877,1.884,1.807,1.875,1.852,1.85,1.818,1.858,1.857,1.872,1.873,1.832,1.838,1.86,1.94,1.905,1.897,1.882,1.892,1.903,1.896,1.884,1.884,1.823,1.817,1.83,1.908,1.915,1.914,1.914,1.92,1.913,1.876,1.873,1.896,1.867,1.868,1.867,1.877,1.889,1.88,1.846,1.847,1.847,1.816,1.794,1.827,1.804,1.783,1.769,-0.001,0.001,-0.004,0.002,0.003,0,-0.003,-0.005,-0.003,0.003,0.007,-0.002,
,22:29:10,1.953,1.953,1.948,1.922,1.901,1.914,1.943,1.943,1.939,1.895,1.887,1.88,1.896,1.911,1.913,1.842,1.859,1.84,1.889,1.877,1.884,1.859,1.86,1.877,1.869,1.879,1.871,1.898,1.877,1.89,1.915,1.905,1.912,1.886,1.879,1.883,1.809,1.875,1.854,1.856,1.821,1.864,1.857,1.873,1.874,1.832,1.838,1.857,1.94,1.905,1.897,1.882,1.893,1.903,1.896,1.884,1.884,1.825,1.817,1.829,1.908,1.915,1.913,1.914,1.92,1.912,1.876,1.872,1.897,1.869,1.867,1.867,1.877,1.889,1.88,1.846,1.847,1.847,1.816,1.793,1.826,1.812,1.786,1.775,-0.001,0.001,-0.004,0.001,0.003,0,-0.003,-0.004,-0.002,0.003,0.007,-0.002,
,22:59:10,1.953,1.953,1.949,1.923,1.902,1.915,1.943,1.943,1.939,1.892,1.885,1.878,1.896,1.911,1.914,1.842,1.859,1.84,1.89,1.878,1.884,1.86,1.855,1.874,1.868,1.88,1.871,1.898,1.877,1.89,1.915,1.906,1.911,1.886,1.876,1.883,1.81,1.877,1.855,1.86,1.825,1.869,1.858,1.873,1.874,1.832,1.836,1.858,1.94,1.905,1.897,1.881,1.892,1.903,1.897,1.884,1.884,1.823,1.818,1.829,1.908,1.915,1.914,1.914,1.919,1.912,1.875,1.872,1.896,1.869,1.869,1.863,1.877,1.889,1.881,1.846,1.847,1.847,1.815,1.793,1.826,1.815,1.785,1.777,-0.001,0.001,-0.004,0.002,0.004,0,-0.003,-0.005,-0.003,0.003,0.007,-0.002,
,23:29:10,1.954,1.953,1.949,1.923,1.901,1.914,1.944,1.944,1.94,1.892,1.887,1.879,1.896,1.912,1.914,1.842,1.859,1.841,1.892,1.878,1.884,1.858,1.859,1.874,1.869,1.879,1.871,1.898,1.877,1.889,1.914,1.905,1.912,1.886,1.876,1.884,1.812,1.878,1.856,1.862,1.828,1.871,1.858,1.873,1.875,1.831,1.836,1.861,1.94,1.905,1.897,1.881,1.892,1.903,1.897,1.884,1.884,1.823,1.818,1.829,1.908,1.915,1.914,1.914,1.919,1.912,1.875,1.873,1.898,1.868,1.867,1.867,1.878,1.889,1.881,1.845,1.847,1.847,1.815,1.794,1.825,1.818,1.79,1.778,0,0,-0.004,0.002,0.004,0,-0.003,-0.004,-0.002,0.003,0.007,-0.002,
,23:59:10,1.955,1.954,1.95,1.923,1.901,1.914,1.945,1.944,1.94,1.894,1.885,1.88,1.896,1.913,1.915,1.841,1.859,1.84,1.891,1.879,1.886,1.861,1.859,1.877,1.869,1.881,1.871,1.898,1.876,1.889,1.915,1.906,1.911,1.885,1.877,1.883,1.812,1.878,1.857,1.865,1.832,1.873,1.859,1.874,1.875,1.834,1.835,1.858,1.941,1.905,1.897,1.881,1.892,1.903,1.898,1.884,1.884,1.823,1.819,1.829,1.908,1.915,1.914,1.914,1.919,1.912,1.875,1.872,1.898,1.867,1.867,1.867,1.879,1.89,1.881,1.846,1.847,1.847,1.817,1.795,1.822,1.822,1.794,1.781,-0.001,0.001,-0.004,0,0.004,0,-0.003,-0.004,-0.002,0.003,0.007,-0.002,
,24:29:10,1.954,1.954,1.95,1.924,1.901,1.913,1.945,1.945,1.941,1.892,1.887,1.877,1.897,1.913,1.914,1.841,1.859,1.84,1.893,1.88,1.885,1.861,1.858,1.878,1.869,1.881,1.872,1.898,1.877,1.889,1.916,1.906,1.912,1.886,1.876,1.884,1.813,1.879,1.858,1.866,1.835,1.874,1.86,1.874,1.874,1.832,1.836,1.861,1.94,1.904,1.897,1.88,1.892,1.902,1.898,1.886,1.884,1.823,1.817,1.83,1.908,1.915,1.915,1.914,1.919,1.912,1.875,1.872,1.897,1.869,1.868,1.863,1.879,1.891,1.881,1.846,1.847,1.847,1.818,1.798,1.822,1.822,1.789,1.784,0,0.001,-0.003,0,0.004,0.001,-0.003,-0.004,-0.002,0.003,0.007,-0.002,
,,,,,,,,,,,,,,,,,,,,,,,,,,,,,,,,,,,,,,,,,,,,,,,,,,,,,,,,,,,,,,,,,,,,,,,,,,,,,,,,,,,,,,,,,,,,,,,,,,
Results,,,,,,,,,,,,,,,,,,,,,,,,,,,,,,,,,,,,,,,,,,,,,,,,,,,,,,,,,,,,,,,,,,,,,,,,,,,,,,,,,,,,,,,,,,,,,,,,,,
,,,,,,,,,,,,,,,,,,,,,,,,,,,,,,,,,,,,,,,,,,,,,,,,,,,,,,,,,,,,,,,,,,,,,,,,,,,,,,,,,,,,,,,,,,,,,,,,,,
,,1,2,3,4,5,6,7,8,9,10,11,12,,,,,,,,,,,,,,,,,,,,,,,,,,,,,,,,,,,,,,,,,,,,,,,,,,,,,,,,,,,,,,,,,,,,,,,,,,,,,,,,,,,,,
,A,4.373,4.33,4.308,4.061,4.011,4.038,4.339,4.327,4.32,4.016,4.034,3.971,"Max V [Blank Read 2:600]",,,,,,,,,,,,,,,,,,,,,,,,,,,,,,,,,,,,,,,,,,,,,,,,,,,,,,,,,,,,,,,,,,,,,,,,,,,,,,,,,,,,
,,1,1,1,1,1,1,1,1,1,1,1,1,"R-Squared [Blank Read 2:600]",,,,,,,,,,,,,,,,,,,,,,,,,,,,,,,,,,,,,,,,,,,,,,,,,,,,,,,,,,,,,,,,,,,,,,,,,,,,,,,,,,,,
,,06:59:10,06:59:10,06:59:10,06:59:10,06:59:10,06:59:10,06:59:10,06:59:10,06:59:10,07:29:10,07:29:10,06:59:10,"t at Max V [Blank Read 2:600]",,,,,,,,,,,,,,,,,,,,,,,,,,,,,,,,,,,,,,,,,,,,,,,,,,,,,,,,,,,,,,,,,,,,,,,,,,,,,,,,,,,,
,,03:13:30,03:14:58,03:16:37,03:15:46,03:22:36,03:18:10,03:19:59,03:17:18,03:25:02,03:37:43,03:48:27,03:35:04,"Lagtime [Blank Read 2:600]",,,,,,,,,,,,,,,,,,,,,,,,,,,,,,,,,,,,,,,,,,,,,,,,,,,,,,,,,,,,,,,,,,,,,,,,,,,,,,,,,,,,
,B,3.915,3.943,4,3.107,3.054,3.075,3.971,4.02,4.04,3.903,3.876,3.929,"Max V [Blank Read 2:600]",,,,,,,,,,,,,,,,,,,,,,,,,,,,,,,,,,,,,,,,,,,,,,,,,,,,,,,,,,,,,,,,,,,,,,,,,,,,,,,,,,,,
,,1,1,0.999,1,1,1,1,0.999,1,0.999,0.998,0.998,"R-Squared [Blank Read 2:600]",,,,,,,,,,,,,,,,,,,,,,,,,,,,,,,,,,,,,,,,,,,,,,,,,,,,,,,,,,,,,,,,,,,,,,,,,,,,,,,,,,,,
,,05:59:10,05:59:10,05:59:10,06:59:10,06:59:10,06:59:10,05:59:10,05:59:10,05:59:10,06:59:10,07:29:10,06:59:10,"t at Max V [Blank Read 2:600]",,,,,,,,,,,,,,,,,,,,,,,,,,,,,,,,,,,,,,,,,,,,,,,,,,,,,,,,,,,,,,,,,,,,,,,,,,,,,,,,,,,,
,,02:28:15,02:24:28,02:45:30,02:43:51,02:22:43,02:43:30,02:35:38,02:44:02,02:39:55,03:20:55,03:26:03,03:01:08,"Lagtime [Blank Read 2:600]",,,,,,,,,,,,,,,,,,,,,,,,,,,,,,,,,,,,,,,,,,,,,,,,,,,,,,,,,,,,,,,,,,,,,,,,,,,,,,,,,,,,
,C,3.993,3.983,4.031,3.862,3.841,3.97,4.261,4.251,4.275,3.892,3.902,3.958,"Max V [Blank Read 2:600]",,,,,,,,,,,,,,,,,,,,,,,,,,,,,,,,,,,,,,,,,,,,,,,,,,,,,,,,,,,,,,,,,,,,,,,,,,,,,,,,,,,,
,,1,0.999,1,1,0.999,0.998,1,1,1,1,1,1,"R-Squared [Blank Read 2:600]",,,,,,,,,,,,,,,,,,,,,,,,,,,,,,,,,,,,,,,,,,,,,,,,,,,,,,,,,,,,,,,,,,,,,,,,,,,,,,,,,,,,
,,05:59:10,05:59:10,05:59:10,06:29:10,06:59:10,06:29:10,06:59:10,07:29:10,07:29:10,07:59:10,07:59:10,07:59:10,"t at Max V [Blank Read 2:600]",,,,,,,,,,,,,,,,,,,,,,,,,,,,,,,,,,,,,,,,,,,,,,,,,,,,,,,,,,,,,,,,,,,,,,,,,,,,,,,,,,,,
,,02:37:11,02:32:46,02:36:42,02:40:34,03:01:07,02:50:12,03:27:53,03:42:00,03:31:54,03:51:51,04:00:48,03:49:27,"Lagtime [Blank Read 2:600]",,,,,,,,,,,,,,,,,,,,,,,,,,,,,,,,,,,,,,,,,,,,,,,,,,,,,,,,,,,,,,,,,,,,,,,,,,,,,,,,,,,,
,D,2.569,2.619,2.589,2.376,2.351,2.725,3.909,3.995,4.016,3.699,3.719,3.779,"Max V [Blank Read 2:600]",,,,,,,,,,,,,,,,,,,,,,,,,,,,,,,,,,,,,,,,,,,,,,,,,,,,,,,,,,,,,,,,,,,,,,,,,,,,,,,,,,,,
,,1,1,1,1,1,1,1,1,1,1,1,1,"R-Squared [Blank Read 2:600]",,,,,,,,,,,,,,,,,,,,,,,,,,,,,,,,,,,,,,,,,,,,,,,,,,,,,,,,,,,,,,,,,,,,,,,,,,,,,,,,,,,,
,,10:59:10,09:59:10,10:59:10,10:59:10,09:59:10,10:59:10,06:29:10,06:29:10,05:59:10,06:59:10,06:29:10,06:29:10,"t at Max V [Blank Read 2:600]",,,,,,,,,,,,,,,,,,,,,,,,,,,,,,,,,,,,,,,,,,,,,,,,,,,,,,,,,,,,,,,,,,,,,,,,,,,,,,,,,,,,
,,04:30:54,03:55:53,04:39:23,03:52:11,03:57:10,04:44:00,02:47:38,02:49:45,02:50:30,03:08:46,03:00:39,02:49:51,"Lagtime [Blank Read 2:600]",,,,,,,,,,,,,,,,,,,,,,,,,,,,,,,,,,,,,,,,,,,,,,,,,,,,,,,,,,,,,,,,,,,,,,,,,,,,,,,,,,,,
,E,4.34,4.079,4.087,3.773,3.726,3.788,4.056,4.032,3.965,3.309,3.115,3.235,"Max V [Blank Read 2:600]",,,,,,,,,,,,,,,,,,,,,,,,,,,,,,,,,,,,,,,,,,,,,,,,,,,,,,,,,,,,,,,,,,,,,,,,,,,,,,,,,,,,
,,0.999,1,1,1,1,1,0.999,1,1,1,0.999,1,"R-Squared [Blank Read 2:600]",,,,,,,,,,,,,,,,,,,,,,,,,,,,,,,,,,,,,,,,,,,,,,,,,,,,,,,,,,,,,,,,,,,,,,,,,,,,,,,,,,,,
,,05:59:10,05:59:10,05:59:10,06:29:10,05:59:10,06:29:10,06:59:10,06:59:10,06:59:10,08:29:10,08:29:10,08:29:10,"t at Max V [Blank Read 2:600]",,,,,,,,,,,,,,,,,,,,,,,,,,,,,,,,,,,,,,,,,,,,,,,,,,,,,,,,,,,,,,,,,,,,,,,,,,,,,,,,,,,,
,,02:28:49,02:47:36,02:43:53,02:55:45,02:38:16,02:38:02,03:18:14,03:13:55,03:17:36,03:59:25,03:36:45,03:39:54,"Lagtime [Blank Read 2:600]",,,,,,,,,,,,,,,,,,,,,,,,,,,,,,,,,,,,,,,,,,,,,,,,,,,,,,,,,,,,,,,,,,,,,,,,,,,,,,,,,,,,
,F,4.269,4.303,4.298,4.015,4.004,4.015,4.083,4.085,4.22,3.927,3.773,3.992,"Max V [Blank Read 2:600]",,,,,,,,,,,,,,,,,,,,,,,,,,,,,,,,,,,,,,,,,,,,,,,,,,,,,,,,,,,,,,,,,,,,,,,,,,,,,,,,,,,,
,,1,1,1,1,1,1,1,1,1,0.999,1,0.999,"R-Squared [Blank Read 2:600]",,,,,,,,,,,,,,,,,,,,,,,,,,,,,,,,,,,,,,,,,,,,,,,,,,,,,,,,,,,,,,,,,,,,,,,,,,,,,,,,,,,,
,,06:59:10,06:59:10,06:29:10,06:59:10,06:59:10,06:59:10,06:29:10,06:29:10,06:59:10,07:29:10,07:29:10,07:29:10,"t at Max V [Blank Read 2:600]",,,,,,,,,,,,,,,,,,,,,,,,,,,,,,,,,,,,,,,,,,,,,,,,,,,,,,,,,,,,,,,,,,,,,,,,,,,,,,,,,,,,
,,03:25:15,03:18:46,03:09:14,03:05:32,03:09:33,03:13:02,03:02:33,03:06:47,03:09:50,03:35:02,03:31:03,03:41:36,"Lagtime [Blank Read 2:600]",,,,,,,,,,,,,,,,,,,,,,,,,,,,,,,,,,,,,,,,,,,,,,,,,,,,,,,,,,,,,,,,,,,,,,,,,,,,,,,,,,,,
,G,3.985,3.946,3.946,3.686,3.686,3.653,2.636,2.6,2.633,2.85,2.367,2.953,"Max V [Blank Read 2:600]",,,,,,,,,,,,,,,,,,,,,,,,,,,,,,,,,,,,,,,,,,,,,,,,,,,,,,,,,,,,,,,,,,,,,,,,,,,,,,,,,,,,
,,1,1,1,1,1,1,1,1,1,0.999,0.999,0.999,"R-Squared [Blank Read 2:600]",,,,,,,,,,,,,,,,,,,,,,,,,,,,,,,,,,,,,,,,,,,,,,,,,,,,,,,,,,,,,,,,,,,,,,,,,,,,,,,,,,,,
,,05:29:10,05:29:10,05:59:10,06:29:10,06:29:10,05:59:10,10:29:10,10:59:10,10:29:10,12:59:10,11:59:10,12:59:10,"t at Max V [Blank Read 2:600]",,,,,,,,,,,,,,,,,,,,,,,,,,,,,,,,,,,,,,,,,,,,,,,,,,,,,,,,,,,,,,,,,,,,,,,,,,,,,,,,,,,,
,,02:23:31,02:16:42,02:25:55,02:44:35,02:46:26,02:42:15,04:25:04,04:43:54,04:17:05,06:35:00,04:53:42,07:16:17,"Lagtime [Blank Read 2:600]",,,,,,,,,,,,,,,,,,,,,,,,,,,,,,,,,,,,,,,,,,,,,,,,,,,,,,,,,,,,,,,,,,,,,,,,,,,,,,,,,,,,
,H,-0.01,-0.011,-0.009,0.017,-0.018,0.014,-0.016,-0.01,-0.01,-0.018,0.011,-0.009,"Max V [Blank Read 2:600]",,,,,,,,,,,,,,,,,,,,,,,,,,,,,,,,,,,,,,,,,,,,,,,,,,,,,,,,,,,,,,,,,,,,,,,,,,,,,,,,,,,,
,,0.954,0.988,0.969,0.995,0.903,0.986,0.952,0.998,0.984,0.899,0.997,0.629,"R-Squared [Blank Read 2:600]",,,,,,,,,,,,,,,,,,,,,,,,,,,,,,,,,,,,,,,,,,,,,,,,,,,,,,,,,,,,,,,,,,,,,,,,,,,,,,,,,,,,
,,02:29:10,02:59:10,04:59:10,02:59:10,15:29:10,02:59:10,02:59:10,03:59:10,05:59:10,13:59:10,07:29:10,01:29:10,"t at Max V [Blank Read 2:600]",,,,,,,,,,,,,,,,,,,,,,,,,,,,,,,,,,,,,,,,,,,,,,,,,,,,,,,,,,,,,,,,,,,,,,,,,,,,,,,,,,,,
,,00:50:56,01:02:23,04:53:53,01:04:12,17:04:20,00:47:55,00:31:01,03:55:49,01:51:25,15:57:38,07:10:29,?????,"Lagtime [Blank Read 2:600]",,,,,,,,,,,,,,,,,,,,,,,,,,,,,,,,,,,,,,,,,,,,,,,,,,,,,,,,,,,,,,,,,,,,,,,,,,,,,,,,,,,,
