Software Version,3.05.11,,,,,,,,,,,,,,,,,,,,,,,,,,,,,,,,,,,,,,,,,,,,,,,,,,,,,,,,,,,,,,,,,
,,,,,,,,,,,,,,,,,,,,,,,,,,,,,,,,,,,,,,,,,,,,,,,,,,,,,,,,,,,,,,,,,,
Experiment File Path:,C:\Users\Public\Documents\Experiments\Arndt\AlexF\GrowthCurve24hr_201012_102247.xpt,,,,,,,,,,,,,,,,,,,,,,,,,,,,,,,,,,,,,,,,,,,,,,,,,,,,,,,,,,,,,,,,,
Protocol File Path:,C:\Users\Public\Documents\Protocols\Arndt Lab\Alex\GrowthCurve24hr.prt,,,,,,,,,,,,,,,,,,,,,,,,,,,,,,,,,,,,,,,,,,,,,,,,,,,,,,,,,,,,,,,,,
Plate Number,Plate 2,,,,,,,,,,,,,,,,,,,,,,,,,,,,,,,,,,,,,,,,,,,,,,,,,,,,,,,,,,,,,,,,,
Date,10/16/20,,,,,,,,,,,,,,,,,,,,,,,,,,,,,,,,,,,,,,,,,,,,,,,,,,,,,,,,,,,,,,,,,
Time,9:45:16 AM,,,,,,,,,,,,,,,,,,,,,,,,,,,,,,,,,,,,,,,,,,,,,,,,,,,,,,,,,,,,,,,,,
Reader Type:,Cytation5,,,,,,,,,,,,,,,,,,,,,,,,,,,,,,,,,,,,,,,,,,,,,,,,,,,,,,,,,,,,,,,,,
Reader Serial Number:,18110712,,,,,,,,,,,,,,,,,,,,,,,,,,,,,,,,,,,,,,,,,,,,,,,,,,,,,,,,,,,,,,,,,
Reading Type,Reader,,,,,,,,,,,,,,,,,,,,,,,,,,,,,,,,,,,,,,,,,,,,,,,,,,,,,,,,,,,,,,,,,
,,,,,,,,,,,,,,,,,,,,,,,,,,,,,,,,,,,,,,,,,,,,,,,,,,,,,,,,,,,,,,,,,,
Procedure Details,,,,,,,,,,,,,,,,,,,,,,,,,,,,,,,,,,,,,,,,,,,,,,,,,,,,,,,,,,,,,,,,,,
Plate Type,96 WELL PLATE (Use plate lid),,,,,,,,,,,,,,,,,,,,,,,,,,,,,,,,,,,,,,,,,,,,,,,,,,,,,,,,,,,,,,,,,
Eject plate on completion,,,,,,,,,,,,,,,,,,,,,,,,,,,,,,,,,,,,,,,,,,,,,,,,,,,,,,,,,,,,,,,,,,
Read,Absorbance Endpoint,,,,,,,,,,,,,,,,,,,,,,,,,,,,,,,,,,,,,,,,,,,,,,,,,,,,,,,,,,,,,,,,,
,Full Plate,,,,,,,,,,,,,,,,,,,,,,,,,,,,,,,,,,,,,,,,,,,,,,,,,,,,,,,,,,,,,,,,,
,Wavelengths:  600,,,,,,,,,,,,,,,,,,,,,,,,,,,,,,,,,,,,,,,,,,,,,,,,,,,,,,,,,,,,,,,,,
,"Read Speed: Normal,  Delay: 100 msec,  Measurements/Data Point: 8",,,,,,,,,,,,,,,,,,,,,,,,,,,,,,,,,,,,,,,,,,,,,,,,,,,,,,,,,,,,,,,,,
Set Temperature,"Setpoint 30¡C, Gradient 0 ¡C",,,,,,,,,,,,,,,,,,,,,,,,,,,,,,,,,,,,,,,,,,,,,,,,,,,,,,,,,,,,,,,,,
,Preheat before moving to next step,,,,,,,,,,,,,,,,,,,,,,,,,,,,,,,,,,,,,,,,,,,,,,,,,,,,,,,,,,,,,,,,,
Shake,Double Orbital: 0:30 (MM:SS),,,,,,,,,,,,,,,,,,,,,,,,,,,,,,,,,,,,,,,,,,,,,,,,,,,,,,,,,,,,,,,,,
,Frequency: 425 cpm (3 mm),,,,,,,,,,,,,,,,,,,,,,,,,,,,,,,,,,,,,,,,,,,,,,,,,,,,,,,,,,,,,,,,,
Start Kinetic,"Runtime 24:00:00 (HH:MM:SS), Interval 0:30:00, 49 Reads",,,,,,,,,,,,,,,,,,,,,,,,,,,,,,,,,,,,,,,,,,,,,,,,,,,,,,,,,,,,,,,,,
    Shake,Double Orbital: Continuous,,,,,,,,,,,,,,,,,,,,,,,,,,,,,,,,,,,,,,,,,,,,,,,,,,,,,,,,,,,,,,,,,
,Frequency: 425 cpm (3 mm),,,,,,,,,,,,,,,,,,,,,,,,,,,,,,,,,,,,,,,,,,,,,,,,,,,,,,,,,,,,,,,,,
    Read,Absorbance Endpoint,,,,,,,,,,,,,,,,,,,,,,,,,,,,,,,,,,,,,,,,,,,,,,,,,,,,,,,,,,,,,,,,,
,Full Plate,,,,,,,,,,,,,,,,,,,,,,,,,,,,,,,,,,,,,,,,,,,,,,,,,,,,,,,,,,,,,,,,,
,Wavelengths:  600,,,,,,,,,,,,,,,,,,,,,,,,,,,,,,,,,,,,,,,,,,,,,,,,,,,,,,,,,,,,,,,,,
,"Read Speed: Normal,  Delay: 100 msec,  Measurements/Data Point: 8",,,,,,,,,,,,,,,,,,,,,,,,,,,,,,,,,,,,,,,,,,,,,,,,,,,,,,,,,,,,,,,,,
End Kinetic,,,,,,,,,,,,,,,,,,,,,,,,,,,,,,,,,,,,,,,,,,,,,,,,,,,,,,,,,,,,,,,,,,
,,,,,,,,,,,,,,,,,,,,,,,,,,,,,,,,,,,,,,,,,,,,,,,,,,,,,,,,,,,,,,,,,,
Layout,,,,,,,,,,,,,,,,,,,,,,,,,,,,,,,,,,,,,,,,,,,,,,,,,,,,,,,,,,,,,,,,,,
,,,,,,,,,,,,,,,,,,,,,,,,,,,,,,,,,,,,,,,,,,,,,,,,,,,,,,,,,,,,,,,,,,
,,1,2,3,4,5,6,7,8,9,10,11,12,,,,,,,,,,,,,,,,,,,,,,,,,,,,,,,,,,,,,,,,,,,,,,,,,,,,,
,A,SPL1,SPL1,SPL2,SPL2,,,SPL15,SPL15,SPL16,SPL16,,,Well ID,,,,,,,,,,,,,,,,,,,,,,,,,,,,,,,,,,,,,,,,,,,,,,,,,,,,
,B,SPL3,SPL3,SPL4,SPL4,,,SPL17,SPL17,SPL18,SPL18,,,Well ID,,,,,,,,,,,,,,,,,,,,,,,,,,,,,,,,,,,,,,,,,,,,,,,,,,,,
,C,SPL5,SPL5,SPL6,SPL6,,,SPL19,SPL19,SPL20,SPL20,,,Well ID,,,,,,,,,,,,,,,,,,,,,,,,,,,,,,,,,,,,,,,,,,,,,,,,,,,,
,D,SPL7,SPL7,SPL8,SPL8,,,SPL21,SPL21,SPL22,SPL22,,,Well ID,,,,,,,,,,,,,,,,,,,,,,,,,,,,,,,,,,,,,,,,,,,,,,,,,,,,
,E,BLK,BLK,BLK,BLK,,,BLK,BLK,BLK,BLK,,,Well ID,,,,,,,,,,,,,,,,,,,,,,,,,,,,,,,,,,,,,,,,,,,,,,,,,,,,
,F,SPL9,SPL9,SPL10,SPL10,,,SPL23,SPL23,SPL24,SPL24,,,Well ID,,,,,,,,,,,,,,,,,,,,,,,,,,,,,,,,,,,,,,,,,,,,,,,,,,,,
,G,SPL11,SPL11,SPL12,SPL12,,,SPL25,SPL25,SPL26,SPL26,,,Well ID,,,,,,,,,,,,,,,,,,,,,,,,,,,,,,,,,,,,,,,,,,,,,,,,,,,,
,H,SPL13,SPL13,SPL14,SPL14,,,SPL27,SPL27,SPL28,SPL28,,,Well ID,,,,,,,,,,,,,,,,,,,,,,,,,,,,,,,,,,,,,,,,,,,,,,,,,,,,
,,,,,,,,,,,,,,,,,,,,,,,,,,,,,,,,,,,,,,,,,,,,,,,,,,,,,,,,,,,,,,,,,,
Results,,,,,,,,,,,,,,,,,,,,,,,,,,,,,,,,,,,,,,,,,,,,,,,,,,,,,,,,,,,,,,,,,,
Actual Temperature:,30,,,,,,,,,,,,,,,,,,,,,,,,,,,,,,,,,,,,,,,,,,,,,,,,,,,,,,,,,,,,,,,,,
,,,,,,,,,,,,,,,,,,,,,,,,,,,,,,,,,,,,,,,,,,,,,,,,,,,,,,,,,,,,,,,,,,
,,1,2,3,4,5,6,7,8,9,10,11,12,,,,,,,,,,,,,,,,,,,,,,,,,,,,,,,,,,,,,,,,,,,,,,,,,,,,,
,A,0.203,0.207,0.206,0.245,,,0.201,0.201,0.191,0.187,,,Read 1:600,,,,,,,,,,,,,,,,,,,,,,,,,,,,,,,,,,,,,,,,,,,,,,,,,,,,
,B,0.211,0.197,0.194,0.192,,,0.177,0.177,0.182,0.175,,,Read 1:600,,,,,,,,,,,,,,,,,,,,,,,,,,,,,,,,,,,,,,,,,,,,,,,,,,,,
,C,0.196,0.207,0.193,0.205,,,0.165,0.169,0.171,0.165,,,Read 1:600,,,,,,,,,,,,,,,,,,,,,,,,,,,,,,,,,,,,,,,,,,,,,,,,,,,,
,D,0.178,0.177,0.172,0.17,,,0.19,0.196,0.189,0.187,,,Read 1:600,,,,,,,,,,,,,,,,,,,,,,,,,,,,,,,,,,,,,,,,,,,,,,,,,,,,
,E,0.131,0.132,0.134,0.134,,,0.134,0.135,0.13,0.129,,,Read 1:600,,,,,,,,,,,,,,,,,,,,,,,,,,,,,,,,,,,,,,,,,,,,,,,,,,,,
,F,0.173,0.178,0.18,0.181,,,0.206,0.204,0.196,0.192,,,Read 1:600,,,,,,,,,,,,,,,,,,,,,,,,,,,,,,,,,,,,,,,,,,,,,,,,,,,,
,G,0.178,0.18,0.183,0.176,,,0.206,0.203,0.207,0.193,,,Read 1:600,,,,,,,,,,,,,,,,,,,,,,,,,,,,,,,,,,,,,,,,,,,,,,,,,,,,
,H,0.196,0.191,0.2,0.195,,,0.182,0.169,0.175,0.175,,,Read 1:600,,,,,,,,,,,,,,,,,,,,,,,,,,,,,,,,,,,,,,,,,,,,,,,,,,,,
,,,,,,,,,,,,,,,,,,,,,,,,,,,,,,,,,,,,,,,,,,,,,,,,,,,,,,,,,,,,,,,,,,
Read 2:600,,,,,,,,,,,,,,,,,,,,,,,,,,,,,,,,,,,,,,,,,,,,,,,,,,,,,,,,,,,,,,,,,,
,,,,,,,,,,,,,,,,,,,,,,,,,,,,,,,,,,,,,,,,,,,,,,,,,,,,,,,,,,,,,,,,,,
,Time,T¡ Read 2:600,A1,A2,A3,A4,A7,A8,A9,A10,B1,B2,B3,B4,B7,B8,B9,B10,C1,C2,C3,C4,C7,C8,C9,C10,D1,D2,D3,D4,D7,D8,D9,D10,E1,E2,E3,E4,E7,E8,E9,E10,F1,F2,F3,F4,F7,F8,F9,F10,G1,G2,G3,G4,G7,G8,G9,G10,H1,H2,H3,H4,H7,H8,H9,H10
,0:29:10,30.1,0.237,0.238,0.245,0.293,0.234,0.233,0.224,0.217,0.258,0.242,0.237,0.237,0.209,0.206,0.211,0.202,0.242,0.253,0.239,0.252,0.188,0.192,0.196,0.189,0.207,0.207,0.203,0.204,0.239,0.241,0.232,0.229,0.131,0.131,0.133,0.134,0.132,0.133,0.129,0.128,0.212,0.219,0.218,0.214,0.261,0.257,0.249,0.242,0.226,0.226,0.227,0.218,0.249,0.251,0.26,0.243,0.247,0.238,0.252,0.244,0.212,0.192,0.201,0.2
,0:59:10,30,0.265,0.265,0.275,0.342,0.263,0.26,0.255,0.243,0.306,0.283,0.278,0.277,0.238,0.233,0.238,0.228,0.279,0.292,0.278,0.288,0.212,0.218,0.221,0.215,0.232,0.234,0.231,0.232,0.28,0.279,0.27,0.267,0.131,0.131,0.133,0.134,0.132,0.131,0.129,0.127,0.248,0.254,0.255,0.247,0.299,0.291,0.285,0.279,0.266,0.265,0.265,0.257,0.288,0.293,0.296,0.279,0.288,0.277,0.297,0.283,0.234,0.213,0.222,0.22
,1:29:10,30,0.298,0.299,0.31,0.4,0.298,0.292,0.289,0.274,0.362,0.33,0.324,0.322,0.268,0.26,0.262,0.255,0.322,0.341,0.321,0.334,0.238,0.242,0.25,0.242,0.255,0.257,0.256,0.256,0.325,0.318,0.312,0.307,0.131,0.131,0.133,0.133,0.132,0.132,0.129,0.127,0.281,0.286,0.285,0.279,0.35,0.339,0.335,0.325,0.306,0.304,0.304,0.294,0.338,0.342,0.342,0.318,0.336,0.322,0.35,0.328,0.254,0.23,0.242,0.239
,1:59:10,30,0.341,0.342,0.358,0.476,0.343,0.333,0.332,0.314,0.43,0.386,0.377,0.375,0.304,0.291,0.291,0.285,0.378,0.399,0.376,0.392,0.27,0.272,0.284,0.274,0.28,0.282,0.287,0.28,0.382,0.367,0.362,0.354,0.13,0.131,0.133,0.133,0.132,0.132,0.129,0.127,0.321,0.325,0.325,0.317,0.411,0.399,0.392,0.378,0.356,0.35,0.352,0.342,0.401,0.402,0.401,0.37,0.395,0.375,0.415,0.385,0.276,0.25,0.263,0.26
,2:29:10,30,0.396,0.396,0.418,0.565,0.399,0.388,0.386,0.362,0.511,0.454,0.437,0.437,0.347,0.331,0.327,0.32,0.446,0.471,0.443,0.462,0.307,0.308,0.326,0.314,0.307,0.309,0.318,0.308,0.449,0.427,0.425,0.414,0.13,0.131,0.132,0.133,0.131,0.131,0.129,0.127,0.367,0.371,0.363,0.362,0.492,0.474,0.461,0.443,0.415,0.405,0.408,0.398,0.475,0.474,0.472,0.434,0.466,0.442,0.495,0.455,0.3,0.273,0.287,0.283
,2:59:10,30,0.465,0.464,0.492,0.673,0.469,0.456,0.453,0.424,0.605,0.535,0.507,0.507,0.399,0.381,0.373,0.367,0.527,0.555,0.521,0.543,0.352,0.352,0.373,0.361,0.337,0.34,0.348,0.339,0.528,0.499,0.497,0.486,0.131,0.131,0.132,0.133,0.132,0.131,0.129,0.127,0.423,0.426,0.412,0.413,0.582,0.563,0.536,0.517,0.483,0.47,0.474,0.462,0.563,0.564,0.555,0.51,0.552,0.52,0.588,0.538,0.326,0.297,0.312,0.309
,3:29:10,30.1,0.546,0.545,0.578,0.797,0.554,0.539,0.534,0.498,0.712,0.628,0.584,0.582,0.459,0.438,0.421,0.416,0.623,0.652,0.616,0.64,0.405,0.405,0.431,0.416,0.372,0.375,0.374,0.374,0.617,0.582,0.583,0.566,0.131,0.13,0.132,0.133,0.131,0.131,0.129,0.127,0.489,0.492,0.466,0.474,0.683,0.661,0.621,0.597,0.563,0.548,0.551,0.539,0.662,0.665,0.653,0.602,0.645,0.612,0.689,0.63,0.357,0.327,0.344,0.339
,3:59:10,30,0.642,0.643,0.681,0.935,0.651,0.639,0.631,0.585,0.831,0.739,0.671,0.668,0.531,0.505,0.482,0.479,0.731,0.762,0.723,0.75,0.469,0.466,0.498,0.481,0.412,0.416,0.415,0.414,0.718,0.676,0.677,0.66,0.131,0.13,0.132,0.133,0.13,0.131,0.129,0.127,0.565,0.568,0.533,0.543,0.795,0.775,0.709,0.686,0.653,0.634,0.637,0.626,0.777,0.78,0.768,0.711,0.753,0.713,0.802,0.733,0.391,0.358,0.377,0.373
,4:29:10,30.1,0.752,0.752,0.791,1.078,0.763,0.746,0.74,0.688,0.958,0.857,0.763,0.759,0.611,0.583,0.552,0.546,0.85,0.884,0.841,0.869,0.542,0.543,0.575,0.558,0.455,0.459,0.462,0.458,0.825,0.778,0.78,0.76,0.131,0.131,0.131,0.132,0.13,0.131,0.128,0.126,0.652,0.655,0.612,0.621,0.916,0.896,0.802,0.778,0.752,0.733,0.732,0.722,0.9,0.906,0.89,0.831,0.864,0.823,0.92,0.844,0.426,0.394,0.415,0.409
,4:59:10,30,0.871,0.872,0.915,1.224,0.885,0.868,0.859,0.8,1.089,0.985,0.861,0.857,0.704,0.674,0.627,0.621,0.977,1.013,0.966,0.996,0.628,0.63,0.66,0.645,0.504,0.508,0.507,0.508,0.936,0.887,0.887,0.868,0.131,0.13,0.131,0.132,0.129,0.131,0.128,0.126,0.748,0.751,0.7,0.71,1.035,1.024,0.901,0.876,0.861,0.84,0.836,0.828,1.029,1.035,1.017,0.951,0.981,0.94,1.037,0.958,0.467,0.434,0.459,0.452
,5:29:10,30,0.998,1.003,1.042,1.367,1.014,0.996,0.988,0.922,1.217,1.117,0.962,0.958,0.801,0.773,0.718,0.704,1.106,1.141,1.094,1.123,0.724,0.726,0.754,0.744,0.56,0.561,0.561,0.561,1.049,1,1.001,0.977,0.131,0.13,0.131,0.132,0.13,0.13,0.128,0.126,0.852,0.856,0.797,0.801,1.158,1.147,1.003,0.979,0.978,0.954,0.947,0.942,1.159,1.166,1.149,1.079,1.099,1.06,1.151,1.074,0.513,0.479,0.507,0.502
,5:59:10,30.1,1.125,1.132,1.172,1.499,1.147,1.124,1.118,1.05,1.343,1.249,1.069,1.061,0.907,0.877,0.806,0.788,1.231,1.266,1.22,1.244,0.827,0.832,0.859,0.845,0.619,0.62,0.615,0.62,1.161,1.11,1.11,1.09,0.13,0.13,0.13,0.132,0.13,0.13,0.128,0.126,0.961,0.963,0.895,0.899,1.266,1.261,1.101,1.075,1.092,1.069,1.056,1.055,1.284,1.292,1.279,1.206,1.211,1.172,1.258,1.187,0.565,0.527,0.561,0.552
,6:29:10,30.1,1.252,1.264,1.297,1.618,1.277,1.252,1.244,1.179,1.455,1.376,1.171,1.166,1.015,0.986,0.908,0.882,1.347,1.379,1.339,1.352,0.935,0.942,0.963,0.957,0.682,0.687,0.682,0.683,1.27,1.223,1.217,1.192,0.13,0.13,0.13,0.132,0.13,0.13,0.128,0.125,1.071,1.076,0.993,1.001,1.365,1.361,1.193,1.172,1.209,1.181,1.169,1.173,1.398,1.41,1.389,1.33,1.32,1.285,1.353,1.294,0.622,0.583,0.62,0.612
,6:59:10,30,1.377,1.392,1.419,1.72,1.403,1.378,1.369,1.302,1.557,1.493,1.269,1.267,1.129,1.096,1.011,0.98,1.445,1.474,1.441,1.449,1.05,1.058,1.074,1.069,0.752,0.753,0.751,0.753,1.371,1.329,1.312,1.296,0.13,0.13,0.13,0.132,0.129,0.13,0.128,0.125,1.178,1.185,1.092,1.102,1.453,1.45,1.277,1.256,1.315,1.292,1.284,1.283,1.496,1.506,1.485,1.434,1.421,1.39,1.439,1.391,0.683,0.642,0.68,0.675
,7:29:10,30,1.491,1.512,1.537,1.802,1.526,1.496,1.483,1.426,1.651,1.6,1.368,1.365,1.237,1.204,1.11,1.082,1.532,1.556,1.525,1.533,1.163,1.171,1.187,1.184,0.822,0.824,0.819,0.821,1.462,1.429,1.398,1.384,0.13,0.13,0.13,0.132,0.13,0.13,0.128,0.125,1.282,1.288,1.19,1.2,1.538,1.531,1.353,1.337,1.412,1.391,1.389,1.383,1.581,1.592,1.568,1.524,1.513,1.482,1.517,1.477,0.741,0.705,0.747,0.746
,7:59:10,30,1.599,1.624,1.648,1.866,1.637,1.602,1.591,1.535,1.734,1.695,1.455,1.458,1.332,1.304,1.208,1.179,1.609,1.631,1.601,1.607,1.277,1.282,1.306,1.298,0.897,0.9,0.893,0.893,1.542,1.517,1.476,1.464,0.13,0.13,0.13,0.132,0.13,0.13,0.128,0.125,1.379,1.38,1.283,1.297,1.617,1.615,1.427,1.411,1.499,1.482,1.479,1.475,1.657,1.669,1.644,1.605,1.597,1.567,1.596,1.557,0.81,0.771,0.817,0.818
,8:29:10,30,1.694,1.729,1.746,1.92,1.738,1.7,1.685,1.636,1.811,1.776,1.538,1.545,1.42,1.396,1.305,1.28,1.677,1.701,1.673,1.677,1.389,1.39,1.421,1.407,0.974,0.976,0.971,0.967,1.615,1.596,1.546,1.541,0.13,0.129,0.129,0.131,0.129,0.13,0.128,0.125,1.461,1.462,1.366,1.382,1.693,1.694,1.496,1.483,1.578,1.562,1.558,1.553,1.722,1.736,1.709,1.676,1.67,1.642,1.671,1.632,0.884,0.843,0.889,0.897
,8:59:10,30,1.777,1.817,1.833,1.967,1.827,1.784,1.766,1.726,1.877,1.851,1.615,1.625,1.496,1.475,1.395,1.368,1.737,1.76,1.733,1.738,1.487,1.489,1.52,1.501,1.053,1.052,1.049,1.044,1.685,1.668,1.613,1.61,0.13,0.129,0.129,0.131,0.129,0.131,0.128,0.125,1.535,1.533,1.442,1.462,1.758,1.765,1.563,1.549,1.649,1.639,1.632,1.629,1.786,1.8,1.775,1.737,1.739,1.712,1.742,1.702,0.96,0.917,0.966,0.974
,9:29:10,30,1.848,1.893,1.907,2.015,1.904,1.852,1.837,1.805,1.935,1.917,1.686,1.698,1.563,1.549,1.482,1.446,1.794,1.817,1.792,1.795,1.574,1.574,1.601,1.584,1.131,1.129,1.124,1.121,1.744,1.73,1.675,1.67,0.13,0.129,0.129,0.131,0.129,0.13,0.128,0.125,1.601,1.603,1.507,1.533,1.821,1.83,1.63,1.613,1.713,1.704,1.696,1.699,1.841,1.855,1.835,1.793,1.802,1.777,1.808,1.765,1.034,0.992,1.041,1.055
,9:59:10,30,1.908,1.956,1.966,2.046,1.967,1.917,1.897,1.873,1.987,1.977,1.749,1.766,1.627,1.618,1.551,1.511,1.844,1.871,1.847,1.846,1.649,1.65,1.675,1.657,1.21,1.207,1.203,1.194,1.803,1.788,1.736,1.733,0.13,0.129,0.129,0.131,0.129,0.13,0.128,0.125,1.665,1.669,1.571,1.6,1.879,1.891,1.689,1.675,1.772,1.766,1.758,1.758,1.894,1.907,1.889,1.848,1.855,1.835,1.865,1.821,1.112,1.067,1.118,1.138
,10:29:10,30.1,1.958,1.999,2.004,2.068,2.007,1.965,1.945,1.928,2.032,2.024,1.809,1.827,1.69,1.68,1.62,1.576,1.894,1.921,1.899,1.893,1.717,1.715,1.739,1.721,1.291,1.286,1.286,1.273,1.854,1.838,1.79,1.787,0.129,0.129,0.129,0.131,0.13,0.129,0.128,0.125,1.721,1.728,1.631,1.659,1.93,1.946,1.746,1.731,1.82,1.817,1.81,1.81,1.94,1.954,1.938,1.895,1.903,1.888,1.915,1.869,1.19,1.146,1.196,1.22
,10:59:10,30,1.988,2.025,2.027,2.086,2.031,1.994,1.984,1.967,2.066,2.056,1.861,1.881,1.74,1.733,1.68,1.633,1.932,1.955,1.938,1.933,1.773,1.77,1.793,1.773,1.364,1.359,1.354,1.346,1.895,1.881,1.839,1.837,0.129,0.129,0.129,0.131,0.13,0.13,0.128,0.125,1.772,1.779,1.685,1.721,1.974,1.99,1.795,1.783,1.86,1.859,1.854,1.855,1.974,1.989,1.979,1.934,1.943,1.933,1.958,1.909,1.268,1.225,1.273,1.306
,11:29:10,30.1,2.007,2.039,2.038,2.094,2.043,2.013,2.006,1.993,2.087,2.078,1.91,1.927,1.781,1.776,1.734,1.685,1.957,1.976,1.961,1.96,1.82,1.817,1.837,1.821,1.438,1.433,1.427,1.416,1.931,1.916,1.884,1.877,0.13,0.128,0.129,0.131,0.129,0.13,0.128,0.125,1.813,1.823,1.733,1.769,2.005,2.014,1.841,1.827,1.894,1.895,1.89,1.891,1.994,2.008,2.002,1.964,1.973,1.962,1.985,1.941,1.343,1.303,1.35,1.386
,11:59:10,30,2.015,2.045,2.042,2.096,2.048,2.022,2.019,2.007,2.101,2.09,1.95,1.967,1.816,1.811,1.783,1.733,1.97,1.987,1.973,1.974,1.858,1.854,1.873,1.858,1.506,1.502,1.499,1.483,1.955,1.942,1.914,1.909,0.13,0.128,0.129,0.13,0.129,0.13,0.128,0.125,1.847,1.857,1.77,1.814,2.022,2.029,1.878,1.87,1.923,1.922,1.916,1.919,2.006,2.017,2.011,1.972,1.992,1.979,2.003,1.959,1.415,1.378,1.421,1.468
,12:29:10,30.1,2.019,2.047,2.043,2.098,2.051,2.024,2.022,2.015,2.109,2.095,1.981,1.995,1.847,1.84,1.822,1.77,1.978,1.99,1.977,1.981,1.888,1.884,1.906,1.889,1.573,1.569,1.562,1.542,1.97,1.958,1.93,1.929,0.13,0.128,0.128,0.13,0.129,0.13,0.128,0.125,1.875,1.885,1.809,1.851,2.032,2.035,1.91,1.903,1.945,1.945,1.94,1.944,2.01,2.021,2.017,1.982,2.002,1.986,2.008,1.968,1.483,1.452,1.486,1.539
,12:59:10,30,2.021,2.048,2.044,2.096,2.052,2.024,2.025,2.013,2.114,2.099,2.005,2.017,1.871,1.863,1.849,1.803,1.979,1.991,1.98,1.983,1.914,1.91,1.932,1.917,1.63,1.631,1.618,1.598,1.977,1.965,1.937,1.938,0.13,0.128,0.128,0.13,0.129,0.13,0.129,0.125,1.9,1.909,1.841,1.882,2.036,2.037,1.939,1.936,1.963,1.965,1.96,1.964,2.012,2.023,2.015,1.978,2.005,1.989,2.011,1.972,1.549,1.525,1.558,1.604
,13:29:10,30.1,2.022,2.047,2.044,2.096,2.053,2.027,2.024,2.018,2.116,2.101,2.018,2.03,1.891,1.887,1.873,1.824,1.978,1.992,1.98,1.984,1.937,1.933,1.951,1.941,1.684,1.691,1.677,1.662,1.98,1.968,1.941,1.942,0.129,0.128,0.128,0.13,0.129,0.129,0.129,0.124,1.92,1.93,1.861,1.906,2.035,2.036,1.962,1.957,1.979,1.981,1.978,1.981,2.011,2.023,2.018,1.983,2.006,1.99,2.011,1.973,1.611,1.59,1.616,1.667
,13:59:10,30.1,2.023,2.048,2.044,2.096,2.053,2.025,2.024,2.016,2.118,2.102,2.027,2.039,1.911,1.905,1.898,1.851,1.978,1.992,1.98,1.983,1.956,1.95,1.968,1.958,1.731,1.734,1.722,1.706,1.981,1.97,1.942,1.94,0.129,0.128,0.128,0.13,0.129,0.129,0.13,0.124,1.939,1.947,1.886,1.929,2.036,2.035,1.98,1.969,1.992,1.994,1.994,1.996,2.011,2.022,2.017,1.979,2.006,1.99,2.012,1.972,1.666,1.652,1.67,1.717
,14:29:10,30,2.023,2.048,2.044,2.096,2.053,2.027,2.022,2.017,2.119,2.104,2.032,2.044,1.926,1.921,1.915,1.871,1.976,1.991,1.98,1.982,1.973,1.966,1.984,1.974,1.778,1.779,1.762,1.752,1.979,1.969,1.942,1.943,0.129,0.128,0.128,0.13,0.129,0.129,0.13,0.124,1.954,1.962,1.905,1.946,2.034,2.036,1.986,1.974,2.004,2.007,2.007,2.009,2.011,2.023,2.017,1.981,2.005,1.991,2.012,1.972,1.712,1.707,1.721,1.758
,14:59:10,30,2.023,2.048,2.043,2.095,2.054,2.027,2.023,2.016,2.12,2.104,2.035,2.047,1.94,1.936,1.934,1.89,1.975,1.992,1.98,1.98,1.985,1.981,2,1.992,1.813,1.814,1.797,1.798,1.978,1.968,1.942,1.944,0.129,0.127,0.128,0.13,0.129,0.129,0.132,0.124,1.966,1.974,1.921,1.961,2.032,2.035,1.989,1.977,2.011,2.016,2.016,2.018,2.01,2.022,2.016,1.978,2.005,1.992,2.013,1.972,1.757,1.739,1.762,1.802
,15:29:10,30,2.023,2.048,2.043,2.095,2.054,2.028,2.022,2.016,2.12,2.105,2.038,2.05,1.955,1.95,1.945,1.901,1.975,1.991,1.98,1.98,1.996,1.994,2.009,2,1.853,1.849,1.83,1.82,1.977,1.968,1.943,1.942,0.129,0.127,0.128,0.13,0.129,0.129,0.133,0.124,1.978,1.986,1.934,1.974,2.033,2.035,1.991,1.978,2.018,2.021,2.023,2.023,2.009,2.02,2.015,1.977,2.005,1.992,2.013,1.973,1.798,1.787,1.799,1.84
,15:59:10,30,2.023,2.048,2.043,2.094,2.054,2.027,2.023,2.017,2.119,2.106,2.039,2.051,1.962,1.959,1.963,1.917,1.975,1.991,1.979,1.979,2.004,1.997,2.015,2.008,1.876,1.873,1.861,1.845,1.978,1.967,1.943,1.942,0.129,0.127,0.128,0.13,0.129,0.129,0.134,0.124,1.986,1.994,1.944,1.988,2.032,2.034,1.992,1.978,2.022,2.024,2.027,2.027,2.009,2.02,2.016,1.981,2.006,1.993,2.013,1.973,1.835,1.825,1.826,1.873
,16:29:10,30,2.023,2.049,2.043,2.094,2.053,2.029,2.021,2.018,2.119,2.106,2.04,2.052,1.967,1.964,1.973,1.929,1.974,1.991,1.979,1.979,2.007,2,2.019,2.012,1.897,1.89,1.884,1.873,1.978,1.968,1.944,1.943,0.129,0.127,0.128,0.129,0.128,0.129,0.135,0.124,1.991,1.998,1.948,1.996,2.029,2.035,1.99,1.977,2.022,2.026,2.029,2.027,2.009,2.02,2.015,1.977,2.006,1.994,2.014,1.973,1.864,1.864,1.858,1.904
,16:59:10,30.1,2.023,2.049,2.043,2.094,2.054,2.025,2.023,2.017,2.12,2.107,2.042,2.053,1.97,1.968,1.984,1.941,1.974,1.991,1.98,1.978,2.009,2.002,2.022,2.015,1.908,1.91,1.906,1.895,1.978,1.967,1.944,1.942,0.129,0.126,0.128,0.129,0.128,0.129,0.137,0.124,1.992,2,1.964,2.007,2.029,2.034,1.991,1.977,2.022,2.026,2.03,2.028,2.01,2.022,2.016,1.979,2.007,1.994,2.014,1.974,1.891,1.897,1.885,1.931
,17:29:10,30,2.023,2.051,2.043,2.094,2.055,2.029,2.02,2.018,2.12,2.107,2.043,2.053,1.972,1.967,1.987,1.95,1.974,1.991,1.979,1.978,2.008,2.002,2.024,2.015,1.915,1.919,1.92,1.903,1.978,1.967,1.944,1.941,0.129,0.126,0.128,0.129,0.127,0.129,0.139,0.124,1.991,1.999,1.969,2.013,2.028,2.034,1.991,1.978,2.021,2.025,2.028,2.027,2.009,2.022,2.015,1.98,2.007,1.995,2.014,1.974,1.914,1.922,1.904,1.952
,17:59:10,30.1,2.023,2.052,2.044,2.094,2.055,2.028,2.022,2.016,2.12,2.108,2.043,2.054,1.97,1.965,1.994,1.95,1.974,1.991,1.978,1.977,2.006,2.001,2.023,2.015,1.921,1.924,1.932,1.921,1.978,1.968,1.945,1.943,0.129,0.126,0.128,0.129,0.127,0.129,0.142,0.124,1.99,1.997,1.975,2.017,2.029,2.034,1.992,1.976,2.02,2.024,2.027,2.026,2.01,2.02,2.016,1.979,2.007,1.996,2.014,1.974,1.933,1.944,1.922,1.96
,18:29:10,30,2.022,2.055,2.044,2.094,2.056,2.028,2.021,2.015,2.122,2.109,2.044,2.055,1.967,1.964,1.992,1.955,1.973,1.991,1.979,1.977,2.006,2,2.02,2.013,1.925,1.926,1.938,1.93,1.98,1.969,1.946,1.944,0.129,0.125,0.128,0.129,0.127,0.129,0.145,0.124,1.988,1.995,1.977,2.018,2.026,2.034,1.99,1.976,2.019,2.023,2.026,2.025,2.01,2.02,2.014,1.978,2.008,1.996,2.014,1.974,1.948,1.957,1.932,1.969
,18:59:10,30,2.022,2.056,2.045,2.094,2.057,2.027,2.024,2.019,2.121,2.109,2.045,2.055,1.966,1.962,1.994,1.956,1.973,1.991,1.98,1.976,2.003,1.999,2.022,2.011,1.927,1.928,1.942,1.933,1.979,1.969,1.946,1.943,0.129,0.125,0.127,0.128,0.127,0.129,0.147,0.124,1.986,1.992,1.978,2.017,2.027,2.033,1.987,1.978,2.019,2.022,2.026,2.023,2.01,2.02,2.015,1.978,2.009,1.996,2.016,1.974,1.958,1.964,1.94,1.977
,19:29:10,30,2.023,2.057,2.046,2.093,2.058,2.026,2.021,2.016,2.123,2.111,2.046,2.057,1.966,1.959,1.994,1.955,1.974,1.991,1.98,1.976,2.002,1.998,2.022,2.013,1.929,1.929,1.944,1.935,1.98,1.968,1.946,1.942,0.128,0.125,0.128,0.128,0.127,0.129,0.15,0.124,1.985,1.99,1.978,2.016,2.028,2.035,1.988,1.976,2.019,2.022,2.025,2.024,2.01,2.021,2.015,1.978,2.009,1.997,2.016,1.975,1.964,1.972,1.943,1.978
,19:59:10,30.1,2.022,2.058,2.047,2.093,2.058,2.027,2.025,2.014,2.123,2.112,2.047,2.058,1.965,1.959,1.992,1.953,1.974,1.991,1.98,1.976,2.001,1.997,2.02,2.013,1.929,1.931,1.947,1.937,1.981,1.969,1.948,1.944,0.128,0.125,0.128,0.128,0.127,0.129,0.155,0.124,1.983,1.988,1.976,2.013,2.027,2.035,1.988,1.977,2.018,2.022,2.024,2.023,2.011,2.022,2.015,1.98,2.01,1.998,2.016,1.975,1.967,1.978,1.946,1.977
,20:29:10,30,2.022,2.059,2.047,2.093,2.058,2.029,2.024,2.015,2.123,2.112,2.048,2.06,1.963,1.953,1.986,1.949,1.973,1.992,1.98,1.976,1.999,1.996,2.02,2.013,1.93,1.932,1.948,1.938,1.981,1.969,1.948,1.946,0.128,0.125,0.127,0.128,0.127,0.129,0.16,0.123,1.982,1.987,1.975,2.011,2.027,2.035,1.988,1.977,2.019,2.022,2.023,2.023,2.011,2.022,2.017,1.976,2.011,1.999,2.017,1.975,1.967,1.984,1.949,1.976
,20:59:10,30,2.022,2.061,2.048,2.092,2.058,2.028,2.022,2.016,2.123,2.112,2.048,2.059,1.96,1.951,1.987,1.949,1.974,1.992,1.98,1.975,1.998,1.995,2.021,2.012,1.932,1.934,1.949,1.938,1.983,1.971,1.949,1.945,0.128,0.124,0.127,0.128,0.127,0.129,0.165,0.123,1.98,1.986,1.973,2.01,2.027,2.034,1.986,1.977,2.018,2.021,2.023,2.022,2.011,2.023,2.015,1.976,2.011,2,2.017,1.975,1.969,1.985,1.949,1.974
,21:29:10,30,2.022,2.062,2.05,2.093,2.059,2.029,2.025,2.015,2.124,2.114,2.049,2.061,1.96,1.953,1.988,1.948,1.973,1.992,1.98,1.975,1.998,1.994,2.02,2.011,1.932,1.935,1.95,1.938,1.982,1.971,1.95,1.947,0.128,0.125,0.128,0.128,0.127,0.128,0.172,0.123,1.979,1.985,1.972,2.008,2.027,2.034,1.986,1.977,2.018,2.021,2.023,2.023,2.01,2.022,2.016,1.977,2.011,2,2.017,1.976,1.971,1.985,1.949,1.976
,21:59:10,30,2.022,2.066,2.051,2.093,2.06,2.027,2.025,2.017,2.124,2.114,2.049,2.061,1.959,1.95,1.986,1.947,1.974,1.992,1.98,1.975,1.998,1.994,2.018,2.012,1.933,1.936,1.951,1.939,1.983,1.97,1.95,1.946,0.128,0.124,0.128,0.128,0.127,0.127,0.179,0.123,1.978,1.984,1.971,2.006,2.027,2.036,1.985,1.978,2.019,2.021,2.023,2.022,2.011,2.023,2.018,1.979,2.012,2.001,2.018,1.976,1.973,1.987,1.95,1.971
,22:29:10,30,2.022,2.066,2.052,2.093,2.061,2.029,2.024,2.016,2.124,2.114,2.05,2.061,1.96,1.951,1.982,1.944,1.974,1.992,1.98,1.975,1.998,1.995,2.018,2.011,1.933,1.937,1.951,1.939,1.983,1.972,1.95,1.946,0.128,0.124,0.127,0.128,0.126,0.127,0.187,0.123,1.978,1.984,1.97,2.004,2.026,2.034,1.986,1.978,2.018,2.022,2.022,2.023,2.011,2.023,2.017,1.976,2.013,2.002,2.018,1.977,1.972,1.987,1.953,1.969
,22:59:10,30,2.022,2.067,2.054,2.093,2.061,2.027,2.022,2.016,2.124,2.116,2.05,2.061,1.96,1.949,1.985,1.945,1.973,1.992,1.98,1.975,1.997,1.995,2.02,2.01,1.934,1.937,1.952,1.94,1.983,1.971,1.951,1.946,0.128,0.124,0.127,0.128,0.127,0.127,0.196,0.123,1.977,1.983,1.969,2.003,2.026,2.036,1.986,1.977,2.019,2.022,2.023,2.023,2.013,2.026,2.018,1.978,2.013,2.002,2.017,1.977,1.973,1.989,1.952,1.969
,23:29:10,30.1,2.022,2.068,2.055,2.093,2.061,2.029,2.024,2.017,2.124,2.115,2.05,2.061,1.957,1.948,1.981,1.942,1.974,1.993,1.981,1.974,1.998,1.995,2.017,2.01,1.935,1.938,1.953,1.94,1.984,1.972,1.95,1.948,0.128,0.124,0.127,0.128,0.126,0.127,0.206,0.123,1.977,1.982,1.968,2.003,2.027,2.035,1.986,1.976,2.019,2.022,2.022,2.023,2.014,2.026,2.019,1.98,2.014,2.003,2.018,1.978,1.975,1.988,1.954,1.973
,23:59:10,30.1,2.022,2.068,2.056,2.092,2.06,2.029,2.022,2.015,2.124,2.117,2.05,2.062,1.957,1.947,1.98,1.94,1.974,1.993,1.98,1.974,1.998,1.994,2.019,2.011,1.935,1.938,1.953,1.94,1.984,1.972,1.952,1.945,0.128,0.124,0.127,0.128,0.126,0.127,0.216,0.123,1.977,1.982,1.968,2.002,2.025,2.036,1.987,1.976,2.019,2.022,2.022,2.023,2.015,2.027,2.019,1.979,2.014,2.004,2.018,1.978,1.976,1.988,1.954,1.968
,24:29:10,30,2.022,2.069,2.057,2.093,2.063,2.027,2.025,2.015,2.125,2.117,2.051,2.063,1.957,1.947,1.979,1.942,1.974,1.993,1.98,1.974,1.998,1.995,2.021,2.01,1.936,1.939,1.953,1.939,1.984,1.972,1.951,1.949,0.128,0.124,0.127,0.128,0.126,0.127,0.228,0.123,1.977,1.982,1.967,2.001,2.027,2.036,1.985,1.977,2.02,2.022,2.022,2.024,2.015,2.029,2.019,1.978,2.015,2.005,2.018,1.978,1.976,1.989,1.954,1.969
,,,,,,,,,,,,,,,,,,,,,,,,,,,,,,,,,,,,,,,,,,,,,,,,,,,,,,,,,,,,,,,,,,
Results,,,,,,,,,,,,,,,,,,,,,,,,,,,,,,,,,,,,,,,,,,,,,,,,,,,,,,,,,,,,,,,,,,
,,,,,,,,,,,,,,,,,,,,,,,,,,,,,,,,,,,,,,,,,,,,,,,,,,,,,,,,,,,,,,,,,,
,,1,2,3,4,5,6,7,8,9,10,11,12,,,,,,,,,,,,,,,,,,,,,,,,,,,,,,,,,,,,,,,,,,,,,,,,,,,,,
,A,0.071,0.075,0.074,0.113,,,0.069,0.068,0.058,0.055,,,Blank Read 1:600,,,,,,,,,,,,,,,,,,,,,,,,,,,,,,,,,,,,,,,,,,,,,,,,,,,,
,B,0.079,0.065,0.061,0.06,,,0.045,0.044,0.05,0.043,,,Blank Read 1:600,,,,,,,,,,,,,,,,,,,,,,,,,,,,,,,,,,,,,,,,,,,,,,,,,,,,
,C,0.064,0.075,0.061,0.073,,,0.032,0.037,0.039,0.032,,,Blank Read 1:600,,,,,,,,,,,,,,,,,,,,,,,,,,,,,,,,,,,,,,,,,,,,,,,,,,,,
,D,0.046,0.044,0.04,0.037,,,0.058,0.063,0.056,0.055,,,Blank Read 1:600,,,,,,,,,,,,,,,,,,,,,,,,,,,,,,,,,,,,,,,,,,,,,,,,,,,,
,E,-0.001,-0.001,0.002,0.002,,,0.002,0.003,-0.002,-0.004,,,Blank Read 1:600,,,,,,,,,,,,,,,,,,,,,,,,,,,,,,,,,,,,,,,,,,,,,,,,,,,,
,F,0.041,0.046,0.047,0.048,,,0.073,0.072,0.063,0.059,,,Blank Read 1:600,,,,,,,,,,,,,,,,,,,,,,,,,,,,,,,,,,,,,,,,,,,,,,,,,,,,
,G,0.045,0.048,0.05,0.044,,,0.073,0.07,0.075,0.061,,,Blank Read 1:600,,,,,,,,,,,,,,,,,,,,,,,,,,,,,,,,,,,,,,,,,,,,,,,,,,,,
,H,0.063,0.059,0.067,0.063,,,0.05,0.037,0.043,0.043,,,Blank Read 1:600,,,,,,,,,,,,,,,,,,,,,,,,,,,,,,,,,,,,,,,,,,,,,,,,,,,,
,,,,,,,,,,,,,,,,,,,,,,,,,,,,,,,,,,,,,,,,,,,,,,,,,,,,,,,,,,,,,,,,,,
Blank Read 2:600,,,,,,,,,,,,,,,,,,,,,,,,,,,,,,,,,,,,,,,,,,,,,,,,,,,,,,,,,,,,,,,,,,
,,,,,,,,,,,,,,,,,,,,,,,,,,,,,,,,,,,,,,,,,,,,,,,,,,,,,,,,,,,,,,,,,,
,Time,A1,A2,A3,A4,A7,A8,A9,A10,B1,B2,B3,B4,B7,B8,B9,B10,C1,C2,C3,C4,C7,C8,C9,C10,D1,D2,D3,D4,D7,D8,D9,D10,E1,E2,E3,E4,E7,E8,E9,E10,F1,F2,F3,F4,F7,F8,F9,F10,G1,G2,G3,G4,G7,G8,G9,G10,H1,H2,H3,H4,H7,H8,H9,H10,
,0:29:10,0.106,0.107,0.113,0.161,0.103,0.102,0.093,0.085,0.127,0.111,0.105,0.106,0.078,0.074,0.08,0.071,0.111,0.121,0.108,0.121,0.057,0.061,0.065,0.057,0.075,0.076,0.071,0.072,0.108,0.11,0.101,0.097,-0.001,0,0.002,0.002,0.001,0.001,-0.002,-0.003,0.08,0.088,0.087,0.083,0.129,0.125,0.118,0.111,0.095,0.094,0.095,0.087,0.118,0.12,0.129,0.111,0.116,0.107,0.121,0.113,0.08,0.061,0.07,0.069,
,0:59:10,0.134,0.134,0.144,0.211,0.132,0.129,0.124,0.112,0.175,0.153,0.147,0.146,0.107,0.102,0.107,0.097,0.148,0.161,0.147,0.157,0.081,0.087,0.09,0.084,0.101,0.103,0.1,0.101,0.149,0.148,0.139,0.136,0,0,0.002,0.003,0.001,0,-0.002,-0.004,0.117,0.123,0.124,0.116,0.168,0.16,0.154,0.148,0.135,0.134,0.134,0.126,0.158,0.162,0.165,0.148,0.157,0.146,0.166,0.152,0.103,0.082,0.091,0.089,
,1:29:10,0.167,0.168,0.179,0.269,0.167,0.161,0.158,0.143,0.231,0.199,0.193,0.191,0.137,0.129,0.131,0.124,0.191,0.21,0.19,0.203,0.107,0.111,0.119,0.112,0.124,0.126,0.125,0.125,0.194,0.187,0.181,0.176,0,0,0.002,0.002,0.001,0.001,-0.002,-0.004,0.15,0.156,0.154,0.148,0.219,0.208,0.204,0.194,0.175,0.173,0.173,0.163,0.207,0.211,0.211,0.187,0.205,0.191,0.219,0.197,0.123,0.099,0.111,0.108,
,1:59:10,0.21,0.212,0.227,0.345,0.213,0.202,0.201,0.183,0.299,0.255,0.246,0.245,0.173,0.16,0.16,0.154,0.247,0.268,0.245,0.261,0.139,0.141,0.154,0.143,0.149,0.152,0.156,0.149,0.251,0.236,0.231,0.223,0,0,0.002,0.002,0.001,0.001,-0.002,-0.004,0.19,0.194,0.194,0.186,0.28,0.268,0.261,0.247,0.225,0.219,0.221,0.211,0.27,0.271,0.27,0.239,0.265,0.244,0.284,0.255,0.145,0.12,0.132,0.129,
,2:29:10,0.265,0.266,0.287,0.434,0.269,0.257,0.256,0.232,0.381,0.323,0.306,0.306,0.217,0.2,0.196,0.19,0.316,0.341,0.313,0.332,0.177,0.177,0.195,0.183,0.176,0.179,0.187,0.177,0.318,0.296,0.294,0.284,0,0,0.002,0.002,0.001,0,-0.002,-0.004,0.237,0.24,0.232,0.231,0.362,0.344,0.33,0.312,0.285,0.274,0.278,0.267,0.344,0.344,0.341,0.304,0.335,0.311,0.364,0.325,0.17,0.142,0.156,0.152,
,2:59:10,0.334,0.333,0.362,0.542,0.338,0.325,0.323,0.293,0.475,0.405,0.376,0.376,0.269,0.25,0.242,0.237,0.397,0.425,0.391,0.412,0.222,0.221,0.242,0.231,0.206,0.209,0.218,0.209,0.397,0.369,0.366,0.356,0,0,0.001,0.002,0.001,0,-0.002,-0.004,0.292,0.295,0.281,0.282,0.452,0.432,0.405,0.386,0.353,0.34,0.344,0.331,0.433,0.433,0.425,0.38,0.421,0.39,0.457,0.408,0.196,0.167,0.181,0.178,
,3:29:10,0.415,0.415,0.448,0.666,0.424,0.409,0.403,0.368,0.581,0.498,0.454,0.451,0.328,0.308,0.291,0.286,0.492,0.521,0.485,0.509,0.274,0.275,0.3,0.286,0.241,0.245,0.244,0.244,0.487,0.451,0.452,0.436,0,0,0.001,0.002,0.001,0.001,-0.002,-0.004,0.359,0.361,0.335,0.344,0.552,0.53,0.49,0.466,0.432,0.417,0.421,0.409,0.532,0.535,0.523,0.471,0.514,0.481,0.559,0.5,0.226,0.196,0.213,0.208,
,3:59:10,0.512,0.513,0.551,0.805,0.521,0.509,0.501,0.455,0.701,0.609,0.541,0.537,0.401,0.375,0.352,0.349,0.6,0.631,0.592,0.62,0.338,0.336,0.368,0.351,0.282,0.286,0.285,0.284,0.588,0.546,0.547,0.53,0,0,0.002,0.002,0,0.001,-0.002,-0.004,0.435,0.438,0.403,0.413,0.665,0.645,0.579,0.556,0.523,0.504,0.507,0.496,0.647,0.65,0.638,0.581,0.622,0.583,0.672,0.603,0.261,0.228,0.247,0.243,
,4:29:10,0.623,0.622,0.661,0.948,0.633,0.616,0.61,0.558,0.828,0.727,0.633,0.629,0.481,0.453,0.422,0.416,0.72,0.754,0.711,0.74,0.412,0.413,0.445,0.428,0.325,0.329,0.332,0.328,0.695,0.648,0.651,0.631,0.001,0.001,0.001,0.002,0,0.001,-0.002,-0.004,0.522,0.525,0.482,0.491,0.787,0.766,0.672,0.649,0.623,0.603,0.602,0.592,0.771,0.776,0.76,0.701,0.734,0.693,0.791,0.714,0.297,0.265,0.285,0.28,
,4:59:10,0.742,0.742,0.785,1.094,0.755,0.738,0.729,0.67,0.959,0.855,0.731,0.727,0.574,0.544,0.498,0.492,0.847,0.884,0.836,0.866,0.499,0.5,0.53,0.515,0.374,0.379,0.377,0.378,0.806,0.757,0.757,0.738,0.001,0,0.001,0.002,-0.001,0.001,-0.001,-0.004,0.619,0.621,0.57,0.58,0.905,0.895,0.771,0.746,0.731,0.711,0.706,0.699,0.899,0.906,0.887,0.821,0.851,0.81,0.908,0.828,0.337,0.304,0.329,0.323,
,5:29:10,0.868,0.873,0.912,1.237,0.884,0.866,0.858,0.792,1.087,0.987,0.832,0.828,0.671,0.643,0.588,0.574,0.976,1.011,0.964,0.994,0.594,0.596,0.624,0.614,0.43,0.432,0.431,0.431,0.919,0.87,0.871,0.847,0.001,0,0.001,0.002,0,0,-0.002,-0.004,0.722,0.726,0.668,0.671,1.028,1.017,0.874,0.849,0.848,0.824,0.817,0.812,1.03,1.036,1.019,0.949,0.969,0.93,1.021,0.944,0.383,0.349,0.377,0.372,
,5:59:10,0.996,1.002,1.043,1.37,1.018,0.995,0.988,0.92,1.213,1.12,0.94,0.932,0.778,0.748,0.677,0.659,1.101,1.137,1.09,1.114,0.698,0.703,0.73,0.715,0.489,0.491,0.486,0.491,1.032,0.981,0.98,0.96,0.001,0.001,0.001,0.002,0,0,-0.001,-0.004,0.832,0.834,0.765,0.769,1.137,1.132,0.972,0.945,0.962,0.939,0.926,0.926,1.155,1.163,1.149,1.077,1.081,1.043,1.128,1.058,0.435,0.397,0.432,0.423,
,6:29:10,1.122,1.135,1.168,1.488,1.147,1.123,1.115,1.049,1.326,1.246,1.042,1.037,0.886,0.857,0.778,0.752,1.218,1.25,1.21,1.222,0.806,0.813,0.833,0.828,0.553,0.558,0.552,0.554,1.141,1.093,1.088,1.063,0.001,0.001,0.001,0.002,0,0.001,-0.001,-0.004,0.941,0.946,0.864,0.871,1.236,1.231,1.064,1.042,1.079,1.052,1.04,1.043,1.269,1.28,1.26,1.2,1.19,1.156,1.223,1.165,0.492,0.453,0.49,0.483,
,6:59:10,1.248,1.263,1.29,1.591,1.274,1.249,1.24,1.173,1.428,1.364,1.14,1.138,0.999,0.967,0.882,0.851,1.316,1.344,1.312,1.32,0.921,0.929,0.944,0.94,0.623,0.624,0.622,0.623,1.241,1.199,1.183,1.166,0.001,0.001,0.001,0.002,0,0.001,-0.002,-0.004,1.048,1.055,0.963,0.973,1.324,1.32,1.148,1.127,1.186,1.163,1.155,1.153,1.367,1.377,1.355,1.305,1.292,1.26,1.31,1.262,0.554,0.513,0.551,0.546,
,7:29:10,1.362,1.383,1.408,1.673,1.397,1.367,1.354,1.297,1.522,1.47,1.239,1.236,1.108,1.074,0.981,0.953,1.403,1.427,1.396,1.403,1.034,1.042,1.058,1.055,0.693,0.695,0.69,0.691,1.333,1.3,1.269,1.255,0.001,0.001,0.001,0.002,0,0.001,-0.002,-0.004,1.152,1.159,1.061,1.071,1.409,1.402,1.224,1.208,1.283,1.261,1.26,1.254,1.452,1.463,1.439,1.395,1.384,1.353,1.388,1.348,0.612,0.576,0.618,0.616,
,7:59:10,1.47,1.495,1.518,1.737,1.507,1.473,1.462,1.406,1.605,1.566,1.326,1.329,1.203,1.175,1.078,1.049,1.479,1.501,1.472,1.478,1.148,1.153,1.177,1.169,0.767,0.771,0.764,0.764,1.413,1.388,1.347,1.335,0,0,0.001,0.002,0.001,0.001,-0.001,-0.004,1.25,1.251,1.154,1.168,1.488,1.486,1.298,1.281,1.37,1.352,1.35,1.346,1.527,1.54,1.515,1.476,1.468,1.438,1.466,1.427,0.681,0.642,0.688,0.689,
,8:29:10,1.565,1.6,1.617,1.791,1.609,1.571,1.556,1.507,1.682,1.647,1.409,1.416,1.291,1.267,1.176,1.152,1.548,1.572,1.544,1.548,1.26,1.261,1.292,1.278,0.845,0.847,0.842,0.838,1.486,1.467,1.418,1.412,0.001,0,0,0.002,0,0.001,-0.001,-0.004,1.332,1.333,1.237,1.253,1.564,1.565,1.367,1.354,1.449,1.433,1.429,1.424,1.594,1.608,1.58,1.547,1.541,1.513,1.542,1.503,0.755,0.714,0.76,0.768,
,8:59:10,1.648,1.688,1.704,1.838,1.698,1.655,1.637,1.597,1.748,1.722,1.486,1.495,1.367,1.346,1.266,1.239,1.608,1.631,1.604,1.609,1.358,1.36,1.391,1.372,0.924,0.923,0.92,0.915,1.556,1.539,1.484,1.481,0.001,0,0,0.002,0,0.002,-0.001,-0.004,1.406,1.404,1.312,1.333,1.629,1.636,1.434,1.42,1.519,1.51,1.503,1.5,1.657,1.67,1.646,1.608,1.61,1.583,1.613,1.573,0.831,0.788,0.837,0.845,
,9:29:10,1.719,1.764,1.778,1.886,1.775,1.723,1.708,1.676,1.806,1.788,1.557,1.569,1.434,1.42,1.353,1.317,1.665,1.688,1.663,1.666,1.445,1.445,1.472,1.455,1.002,1,0.995,0.992,1.616,1.602,1.546,1.541,0.001,0,0,0.002,0,0.001,-0.001,-0.004,1.472,1.474,1.378,1.404,1.692,1.701,1.501,1.484,1.584,1.575,1.567,1.57,1.712,1.726,1.706,1.665,1.673,1.648,1.679,1.636,0.906,0.863,0.912,0.926,
,9:59:10,1.779,1.827,1.837,1.917,1.838,1.788,1.768,1.744,1.858,1.849,1.62,1.637,1.498,1.489,1.422,1.383,1.716,1.742,1.718,1.717,1.521,1.521,1.546,1.529,1.081,1.078,1.074,1.065,1.674,1.659,1.607,1.604,0.001,0,0,0.002,0,0.002,-0.001,-0.004,1.536,1.54,1.442,1.471,1.75,1.762,1.561,1.547,1.643,1.637,1.629,1.629,1.765,1.779,1.761,1.719,1.727,1.707,1.736,1.692,0.983,0.939,0.989,1.009,
,10:29:10,1.829,1.87,1.875,1.939,1.878,1.836,1.817,1.799,1.903,1.895,1.68,1.698,1.561,1.551,1.491,1.447,1.765,1.792,1.77,1.764,1.589,1.586,1.61,1.593,1.162,1.157,1.157,1.144,1.725,1.709,1.661,1.659,0.001,0,0,0.002,0.001,0,-0.001,-0.004,1.593,1.599,1.503,1.53,1.801,1.818,1.617,1.602,1.692,1.688,1.682,1.681,1.812,1.826,1.809,1.766,1.774,1.759,1.786,1.74,1.062,1.017,1.067,1.091,
,10:59:10,1.859,1.896,1.899,1.957,1.902,1.865,1.856,1.839,1.937,1.928,1.733,1.752,1.611,1.604,1.551,1.505,1.803,1.827,1.809,1.805,1.645,1.641,1.664,1.644,1.236,1.23,1.225,1.217,1.766,1.752,1.71,1.708,0.001,0,0,0.002,0.001,0.001,-0.001,-0.004,1.644,1.651,1.557,1.593,1.845,1.861,1.667,1.654,1.732,1.731,1.726,1.727,1.845,1.86,1.851,1.806,1.814,1.804,1.829,1.78,1.139,1.097,1.144,1.178,
,11:29:10,1.878,1.911,1.909,1.966,1.914,1.885,1.878,1.864,1.959,1.949,1.782,1.799,1.653,1.647,1.606,1.557,1.829,1.847,1.833,1.831,1.692,1.688,1.708,1.693,1.31,1.304,1.299,1.288,1.802,1.788,1.756,1.749,0.001,-0.001,0,0.002,0,0.001,0,-0.004,1.685,1.695,1.605,1.64,1.876,1.886,1.713,1.698,1.766,1.767,1.761,1.762,1.866,1.879,1.874,1.835,1.845,1.833,1.857,1.812,1.215,1.174,1.222,1.258,
,11:59:10,1.887,1.916,1.913,1.968,1.92,1.893,1.89,1.878,1.973,1.961,1.822,1.838,1.688,1.683,1.654,1.605,1.842,1.858,1.844,1.846,1.73,1.726,1.745,1.729,1.378,1.373,1.37,1.354,1.826,1.814,1.785,1.78,0.001,-0.001,0,0.002,0,0.002,0,-0.004,1.719,1.728,1.642,1.686,1.894,1.9,1.749,1.741,1.794,1.794,1.787,1.791,1.878,1.889,1.883,1.843,1.863,1.851,1.874,1.83,1.287,1.249,1.293,1.34,
,12:29:10,1.89,1.918,1.915,1.969,1.922,1.895,1.893,1.886,1.98,1.967,1.853,1.867,1.719,1.711,1.693,1.642,1.85,1.861,1.849,1.852,1.76,1.756,1.777,1.761,1.445,1.44,1.433,1.413,1.842,1.829,1.802,1.801,0.001,-0.001,0,0.002,0,0.001,0,-0.004,1.747,1.757,1.681,1.723,1.903,1.907,1.782,1.774,1.817,1.817,1.811,1.815,1.882,1.893,1.888,1.853,1.873,1.858,1.88,1.84,1.355,1.324,1.358,1.411,
,12:59:10,1.892,1.919,1.915,1.968,1.923,1.896,1.897,1.885,1.985,1.971,1.877,1.888,1.742,1.734,1.72,1.675,1.85,1.863,1.851,1.855,1.786,1.781,1.804,1.789,1.501,1.503,1.489,1.47,1.849,1.836,1.809,1.81,0.001,-0.001,0,0.002,0.001,0.001,0,-0.004,1.772,1.781,1.712,1.754,1.907,1.908,1.81,1.808,1.834,1.836,1.831,1.836,1.883,1.894,1.887,1.85,1.877,1.861,1.882,1.844,1.42,1.397,1.43,1.476,
,13:29:10,1.894,1.919,1.915,1.968,1.924,1.899,1.895,1.89,1.988,1.973,1.89,1.902,1.763,1.759,1.744,1.695,1.85,1.864,1.851,1.855,1.809,1.804,1.822,1.813,1.555,1.562,1.548,1.534,1.852,1.839,1.813,1.814,0.001,0,0,0.002,0,0.001,0.001,-0.004,1.792,1.802,1.733,1.778,1.907,1.907,1.833,1.828,1.85,1.853,1.85,1.853,1.883,1.895,1.889,1.855,1.878,1.862,1.883,1.844,1.483,1.462,1.488,1.539,
,13:59:10,1.894,1.92,1.915,1.967,1.925,1.897,1.896,1.887,1.99,1.974,1.899,1.911,1.782,1.776,1.77,1.723,1.849,1.863,1.851,1.854,1.827,1.821,1.84,1.83,1.603,1.606,1.594,1.578,1.852,1.841,1.814,1.812,0.001,-0.001,0,0.002,0,0.001,0.001,-0.004,1.811,1.819,1.758,1.801,1.907,1.907,1.851,1.841,1.864,1.866,1.866,1.867,1.882,1.894,1.889,1.851,1.877,1.862,1.884,1.844,1.537,1.524,1.542,1.589,
,14:29:10,1.895,1.92,1.915,1.967,1.924,1.899,1.894,1.889,1.99,1.975,1.903,1.916,1.798,1.793,1.787,1.743,1.848,1.863,1.852,1.853,1.845,1.837,1.856,1.846,1.649,1.651,1.633,1.623,1.85,1.84,1.814,1.815,0.001,-0.001,0,0.001,0,0.001,0.002,-0.004,1.825,1.834,1.777,1.818,1.906,1.907,1.857,1.846,1.876,1.878,1.879,1.881,1.883,1.895,1.888,1.853,1.877,1.863,1.884,1.844,1.583,1.579,1.592,1.63,
,14:59:10,1.895,1.919,1.915,1.967,1.925,1.899,1.894,1.888,1.992,1.976,1.906,1.919,1.812,1.808,1.806,1.762,1.847,1.863,1.851,1.852,1.857,1.852,1.871,1.864,1.685,1.686,1.668,1.67,1.849,1.84,1.813,1.816,0,-0.001,0,0.001,0,0.001,0.003,-0.004,1.837,1.845,1.792,1.833,1.904,1.907,1.86,1.849,1.883,1.887,1.888,1.89,1.882,1.893,1.887,1.85,1.877,1.863,1.884,1.844,1.629,1.611,1.633,1.674,
,15:29:10,1.895,1.919,1.915,1.966,1.925,1.899,1.894,1.888,1.992,1.976,1.909,1.921,1.827,1.821,1.816,1.772,1.847,1.862,1.851,1.851,1.867,1.865,1.881,1.871,1.724,1.721,1.702,1.692,1.848,1.84,1.814,1.813,0,-0.001,-0.001,0.001,0,0.001,0.004,-0.004,1.85,1.858,1.806,1.846,1.904,1.906,1.863,1.85,1.889,1.893,1.895,1.894,1.881,1.891,1.887,1.849,1.877,1.864,1.884,1.844,1.669,1.659,1.671,1.712,
,15:59:10,1.895,1.92,1.915,1.965,1.925,1.898,1.894,1.888,1.991,1.977,1.91,1.922,1.834,1.83,1.835,1.788,1.846,1.862,1.851,1.851,1.875,1.868,1.886,1.879,1.747,1.744,1.732,1.716,1.849,1.838,1.815,1.813,0,-0.002,-0.001,0.001,0,0.001,0.005,-0.004,1.857,1.866,1.815,1.859,1.903,1.905,1.863,1.85,1.893,1.896,1.899,1.898,1.881,1.891,1.887,1.852,1.877,1.864,1.884,1.844,1.706,1.697,1.698,1.744,
,16:29:10,1.895,1.92,1.915,1.965,1.925,1.9,1.892,1.889,1.991,1.978,1.912,1.923,1.839,1.835,1.844,1.801,1.846,1.863,1.851,1.85,1.879,1.872,1.89,1.884,1.768,1.761,1.755,1.745,1.849,1.84,1.815,1.815,0,-0.002,-0.001,0.001,-0.001,0,0.007,-0.004,1.862,1.87,1.819,1.867,1.901,1.906,1.862,1.849,1.894,1.897,1.901,1.899,1.88,1.892,1.887,1.848,1.877,1.865,1.885,1.844,1.735,1.735,1.73,1.776,
,16:59:10,1.894,1.921,1.915,1.965,1.926,1.897,1.894,1.888,1.991,1.978,1.913,1.925,1.841,1.839,1.855,1.812,1.846,1.862,1.851,1.849,1.88,1.874,1.893,1.886,1.779,1.781,1.777,1.766,1.849,1.839,1.815,1.813,0,-0.003,-0.001,0.001,-0.001,0,0.009,-0.005,1.863,1.871,1.836,1.878,1.9,1.905,1.862,1.848,1.893,1.898,1.901,1.9,1.882,1.893,1.887,1.85,1.878,1.866,1.885,1.845,1.762,1.769,1.756,1.803,
,17:29:10,1.894,1.922,1.915,1.966,1.926,1.9,1.892,1.889,1.991,1.979,1.914,1.925,1.843,1.838,1.858,1.821,1.845,1.862,1.851,1.849,1.879,1.874,1.895,1.886,1.786,1.79,1.792,1.775,1.849,1.838,1.816,1.813,0,-0.003,-0.001,0,-0.002,0,0.01,-0.005,1.862,1.87,1.84,1.884,1.899,1.905,1.862,1.849,1.892,1.896,1.899,1.899,1.88,1.893,1.886,1.851,1.878,1.866,1.885,1.845,1.785,1.794,1.775,1.824,
,17:59:10,1.894,1.923,1.915,1.965,1.926,1.899,1.893,1.887,1.991,1.979,1.914,1.925,1.841,1.836,1.865,1.821,1.845,1.862,1.849,1.848,1.877,1.872,1.894,1.886,1.792,1.795,1.803,1.791,1.849,1.839,1.816,1.814,0,-0.003,-0.002,0,-0.002,0,0.013,-0.005,1.861,1.868,1.846,1.888,1.9,1.905,1.863,1.847,1.891,1.895,1.898,1.897,1.881,1.891,1.887,1.85,1.878,1.866,1.885,1.845,1.804,1.815,1.793,1.831,
,18:29:10,1.893,1.925,1.915,1.964,1.927,1.899,1.892,1.886,1.992,1.98,1.915,1.926,1.838,1.834,1.863,1.826,1.844,1.862,1.85,1.848,1.876,1.87,1.891,1.884,1.796,1.797,1.808,1.801,1.85,1.839,1.817,1.815,-0.001,-0.004,-0.002,-0.001,-0.002,0,0.016,-0.005,1.859,1.866,1.848,1.888,1.897,1.904,1.861,1.847,1.89,1.894,1.897,1.896,1.881,1.891,1.885,1.848,1.879,1.867,1.885,1.844,1.819,1.828,1.803,1.84,
,18:59:10,1.893,1.926,1.915,1.964,1.927,1.898,1.895,1.889,1.992,1.98,1.916,1.926,1.836,1.833,1.865,1.827,1.844,1.862,1.85,1.847,1.873,1.869,1.893,1.881,1.797,1.798,1.812,1.804,1.85,1.839,1.817,1.814,-0.001,-0.004,-0.002,-0.001,-0.003,-0.001,0.018,-0.006,1.856,1.863,1.849,1.887,1.897,1.904,1.857,1.849,1.889,1.893,1.896,1.894,1.881,1.891,1.886,1.848,1.879,1.867,1.886,1.845,1.828,1.835,1.81,1.847,
,19:29:10,1.893,1.927,1.916,1.963,1.928,1.896,1.892,1.887,1.993,1.981,1.916,1.927,1.836,1.829,1.864,1.825,1.844,1.861,1.85,1.846,1.873,1.868,1.892,1.883,1.799,1.799,1.814,1.805,1.85,1.839,1.816,1.813,-0.002,-0.005,-0.002,-0.002,-0.003,-0.001,0.021,-0.006,1.855,1.86,1.848,1.886,1.898,1.906,1.858,1.847,1.889,1.893,1.895,1.894,1.88,1.891,1.885,1.848,1.879,1.868,1.886,1.845,1.834,1.842,1.813,1.848,
,19:59:10,1.892,1.928,1.916,1.963,1.927,1.897,1.895,1.884,1.992,1.981,1.917,1.927,1.834,1.828,1.861,1.823,1.843,1.86,1.849,1.845,1.87,1.866,1.89,1.883,1.799,1.8,1.816,1.807,1.85,1.839,1.817,1.813,-0.002,-0.005,-0.003,-0.002,-0.004,-0.001,0.024,-0.007,1.853,1.858,1.846,1.883,1.897,1.904,1.858,1.847,1.888,1.891,1.894,1.892,1.88,1.891,1.884,1.85,1.879,1.868,1.886,1.844,1.836,1.848,1.815,1.847,
,20:29:10,1.891,1.928,1.916,1.962,1.927,1.898,1.893,1.884,1.992,1.981,1.917,1.929,1.832,1.822,1.855,1.818,1.842,1.861,1.849,1.845,1.868,1.865,1.889,1.882,1.799,1.801,1.817,1.807,1.85,1.838,1.817,1.815,-0.003,-0.006,-0.004,-0.003,-0.004,-0.002,0.029,-0.008,1.851,1.856,1.844,1.88,1.896,1.904,1.857,1.846,1.888,1.891,1.892,1.892,1.88,1.891,1.886,1.845,1.88,1.868,1.886,1.844,1.836,1.853,1.818,1.845,
,20:59:10,1.89,1.929,1.917,1.961,1.926,1.897,1.891,1.884,1.991,1.981,1.916,1.928,1.829,1.82,1.855,1.817,1.842,1.86,1.848,1.844,1.867,1.864,1.889,1.88,1.8,1.803,1.818,1.806,1.851,1.84,1.818,1.814,-0.003,-0.007,-0.004,-0.004,-0.005,-0.003,0.034,-0.008,1.849,1.855,1.842,1.878,1.896,1.902,1.854,1.845,1.887,1.89,1.892,1.891,1.879,1.891,1.884,1.845,1.879,1.868,1.886,1.844,1.838,1.853,1.817,1.842,
,21:29:10,1.89,1.93,1.918,1.961,1.927,1.897,1.892,1.883,1.992,1.982,1.916,1.929,1.827,1.821,1.856,1.816,1.841,1.859,1.847,1.843,1.865,1.862,1.888,1.879,1.8,1.803,1.818,1.806,1.85,1.838,1.817,1.814,-0.004,-0.008,-0.005,-0.004,-0.005,-0.004,0.039,-0.009,1.847,1.852,1.839,1.875,1.894,1.902,1.854,1.845,1.885,1.889,1.891,1.89,1.878,1.89,1.884,1.844,1.879,1.868,1.885,1.843,1.839,1.853,1.817,1.843,
,21:59:10,1.889,1.933,1.918,1.96,1.927,1.894,1.892,1.884,1.991,1.981,1.916,1.928,1.826,1.817,1.853,1.814,1.841,1.859,1.847,1.842,1.865,1.861,1.885,1.879,1.8,1.803,1.818,1.806,1.85,1.837,1.817,1.812,-0.005,-0.009,-0.005,-0.005,-0.006,-0.006,0.046,-0.01,1.845,1.851,1.838,1.873,1.894,1.903,1.852,1.845,1.886,1.888,1.89,1.889,1.878,1.89,1.885,1.846,1.879,1.868,1.884,1.843,1.84,1.854,1.817,1.838,
,22:29:10,1.889,1.932,1.919,1.959,1.927,1.895,1.89,1.882,1.99,1.98,1.916,1.927,1.827,1.818,1.848,1.811,1.84,1.858,1.846,1.841,1.864,1.862,1.884,1.877,1.8,1.803,1.818,1.805,1.85,1.838,1.816,1.812,-0.006,-0.01,-0.006,-0.006,-0.008,-0.007,0.053,-0.011,1.844,1.85,1.836,1.87,1.892,1.9,1.852,1.845,1.885,1.888,1.889,1.889,1.877,1.89,1.883,1.843,1.879,1.868,1.884,1.843,1.839,1.853,1.819,1.835,
,22:59:10,1.887,1.932,1.919,1.958,1.926,1.892,1.887,1.881,1.989,1.981,1.915,1.926,1.824,1.814,1.85,1.81,1.838,1.857,1.845,1.84,1.862,1.86,1.885,1.874,1.799,1.802,1.817,1.805,1.848,1.836,1.816,1.811,-0.007,-0.011,-0.008,-0.007,-0.009,-0.008,0.061,-0.012,1.842,1.848,1.834,1.868,1.891,1.901,1.851,1.842,1.884,1.887,1.888,1.888,1.878,1.891,1.882,1.843,1.878,1.867,1.882,1.842,1.838,1.854,1.817,1.834,
,23:29:10,1.886,1.932,1.919,1.957,1.925,1.892,1.888,1.881,1.988,1.979,1.914,1.925,1.821,1.812,1.845,1.806,1.838,1.857,1.844,1.838,1.861,1.859,1.881,1.874,1.798,1.801,1.817,1.803,1.848,1.836,1.814,1.812,-0.009,-0.012,-0.009,-0.008,-0.01,-0.009,0.07,-0.013,1.841,1.846,1.832,1.866,1.891,1.899,1.85,1.84,1.883,1.885,1.886,1.887,1.877,1.89,1.883,1.843,1.877,1.867,1.881,1.841,1.839,1.852,1.818,1.836,
,23:59:10,1.885,1.93,1.918,1.955,1.923,1.891,1.885,1.877,1.987,1.979,1.913,1.925,1.82,1.81,1.843,1.803,1.837,1.855,1.843,1.837,1.861,1.857,1.882,1.874,1.797,1.801,1.816,1.802,1.847,1.834,1.815,1.808,-0.01,-0.013,-0.01,-0.009,-0.012,-0.01,0.078,-0.014,1.839,1.845,1.831,1.864,1.888,1.898,1.849,1.838,1.882,1.884,1.885,1.886,1.877,1.889,1.882,1.842,1.877,1.866,1.881,1.84,1.838,1.851,1.817,1.831,
,24:29:10,1.883,1.93,1.918,1.954,1.924,1.889,1.886,1.876,1.986,1.978,1.912,1.924,1.818,1.808,1.84,1.803,1.836,1.854,1.842,1.835,1.859,1.856,1.882,1.871,1.797,1.8,1.814,1.8,1.845,1.834,1.812,1.81,-0.011,-0.015,-0.012,-0.011,-0.013,-0.012,0.089,-0.016,1.838,1.843,1.828,1.862,1.888,1.897,1.846,1.838,1.881,1.884,1.883,1.885,1.876,1.89,1.88,1.839,1.876,1.866,1.879,1.84,1.837,1.85,1.815,1.83,
,,,,,,,,,,,,,,,,,,,,,,,,,,,,,,,,,,,,,,,,,,,,,,,,,,,,,,,,,,,,,,,,,,
Results,,,,,,,,,,,,,,,,,,,,,,,,,,,,,,,,,,,,,,,,,,,,,,,,,,,,,,,,,,,,,,,,,,
,,,,,,,,,,,,,,,,,,,,,,,,,,,,,,,,,,,,,,,,,,,,,,,,,,,,,,,,,,,,,,,,,,
,,1,2,3,4,5,6,7,8,9,10,11,12,,,,,,,,,,,,,,,,,,,,,,,,,,,,,,,,,,,,,,,,,,,,,,,,,,,,,
,A,4.221,4.344,4.237,4.771,,,4.337,4.257,4.267,4.206,,,Max V [Blank Read 2:600],,,,,,,,,,,,,,,,,,,,,,,,,,,,,,,,,,,,,,,,,,,,,,,,,,,,
,,1,1,1,1,,,1,1,1,1,,,R-Squared [Blank Read 2:600],,,,,,,,,,,,,,,,,,,,,,,,,,,,,,,,,,,,,,,,,,,,,,,,,,,,
,,5:59:10,5:59:10,5:29:10,4:29:10,,,5:59:10,5:59:10,5:59:10,5:59:10,,,t at Max V [Blank Read 2:600],,,,,,,,,,,,,,,,,,,,,,,,,,,,,,,,,,,,,,,,,,,,,,,,,,,,
,,2:28:36,2:32:48,2:20:18,1:43:49,,,2:28:39,2:29:39,2:29:54,2:40:29,,,Lagtime [Blank Read 2:600],,,,,,,,,,,,,,,,,,,,,,,,,,,,,,,,,,,,,,,,,,,,,,,,,,,,
,B,4.28,4.344,3.424,3.438,,,3.649,3.606,3.354,3.323,,,Max V [Blank Read 2:600],,,,,,,,,,,,,,,,,,,,,,,,,,,,,,,,,,,,,,,,,,,,,,,,,,,,
,,1,1,1,1,,,1,1,1,1,,,R-Squared [Blank Read 2:600],,,,,,,,,,,,,,,,,,,,,,,,,,,,,,,,,,,,,,,,,,,,,,,,,,,,
,,4:59:10,5:29:10,5:59:10,5:59:10,,,6:29:10,6:29:10,6:59:10,7:29:10,,,t at Max V [Blank Read 2:600],,,,,,,,,,,,,,,,,,,,,,,,,,,,,,,,,,,,,,,,,,,,,,,,,,,,
,,1:45:07,2:07:25,1:56:18,1:58:43,,,2:47:04,2:51:56,3:00:56,3:04:16,,,Lagtime [Blank Read 2:600],,,,,,,,,,,,,,,,,,,,,,,,,,,,,,,,,,,,,,,,,,,,,,,,,,,,
,C,4.195,4.225,4.173,4.14,,,3.782,3.766,3.834,3.781,,,Max V [Blank Read 2:600],,,,,,,,,,,,,,,,,,,,,,,,,,,,,,,,,,,,,,,,,,,,,,,,,,,,
,,1,1,1,1,,,1,1,1,1,,,R-Squared [Blank Read 2:600],,,,,,,,,,,,,,,,,,,,,,,,,,,,,,,,,,,,,,,,,,,,,,,,,,,,
,,4:59:10,4:59:10,5:29:10,4:59:10,,,7:29:10,6:59:10,7:29:10,6:59:10,,,t at Max V [Blank Read 2:600],,,,,,,,,,,,,,,,,,,,,,,,,,,,,,,,,,,,,,,,,,,,,,,,,,,,
,,2:03:16,1:58:46,2:04:32,1:58:57,,,3:10:56,3:08:56,3:09:19,3:05:22,,,Lagtime [Blank Read 2:600],,,,,,,,,,,,,,,,,,,,,,,,,,,,,,,,,,,,,,,,,,,,,,,,,,,,
,D,2.64,2.582,2.614,2.537,,,3.723,3.712,3.657,3.62,,,Max V [Blank Read 2:600],,,,,,,,,,,,,,,,,,,,,,,,,,,,,,,,,,,,,,,,,,,,,,,,,,,,
,,1,1,1,1,,,1,1,1,1,,,R-Squared [Blank Read 2:600],,,,,,,,,,,,,,,,,,,,,,,,,,,,,,,,,,,,,,,,,,,,,,,,,,,,
,,9:29:10,9:29:10,9:29:10,9:29:10,,,5:29:10,5:29:10,5:29:10,5:29:10,,,t at Max V [Blank Read 2:600],,,,,,,,,,,,,,,,,,,,,,,,,,,,,,,,,,,,,,,,,,,,,,,,,,,,
,,3:37:52,3:30:52,3:34:55,3:27:09,,,1:51:19,2:04:27,1:59:03,2:01:54,,,Lagtime [Blank Read 2:600],,,,,,,,,,,,,,,,,,,,,,,,,,,,,,,,,,,,,,,,,,,,,,,,,,,,
,E,-0.041,-0.045,-0.044,-0.042,,,-0.043,-0.044,0.298,-0.043,,,Max V [Blank Read 2:600],,,,,,,,,,,,,,,,,,,,,,,,,,,,,,,,,,,,,,,,,,,,,,,,,,,,
,,0.997,0.993,0.998,0.993,,,0.99,0.995,0.998,0.997,,,R-Squared [Blank Read 2:600],,,,,,,,,,,,,,,,,,,,,,,,,,,,,,,,,,,,,,,,,,,,,,,,,,,,
,,23:29:10,23:29:10,23:29:10,23:29:10,,,22:59:10,21:59:10,23:29:10,23:29:10,,,t at Max V [Blank Read 2:600],,,,,,,,,,,,,,,,,,,,,,,,,,,,,,,,,,,,,,,,,,,,,,,,,,,,
,,20:22:42,19:00:52,19:13:57,19:20:05,,,19:20:14,19:20:37,19:26:34,19:42:10,,,Lagtime [Blank Read 2:600],,,,,,,,,,,,,,,,,,,,,,,,,,,,,,,,,,,,,,,,,,,,,,,,,,,,
,F,3.596,3.628,3.282,3.344,,,3.969,4.086,3.294,3.29,,,Max V [Blank Read 2:600],,,,,,,,,,,,,,,,,,,,,,,,,,,,,,,,,,,,,,,,,,,,,,,,,,,,
,,1,1,1,1,,,1,1,1,1,,,R-Squared [Blank Read 2:600],,,,,,,,,,,,,,,,,,,,,,,,,,,,,,,,,,,,,,,,,,,,,,,,,,,,
,,5:59:10,5:59:10,6:29:10,6:29:10,,,4:29:10,4:59:10,4:59:10,5:29:10,,,t at Max V [Blank Read 2:600],,,,,,,,,,,,,,,,,,,,,,,,,,,,,,,,,,,,,,,,,,,,,,,,,,,,
,,2:30:04,2:32:43,2:32:13,2:33:29,,,1:43:20,1:51:48,1:40:10,1:45:45,,,Lagtime [Blank Read 2:600],,,,,,,,,,,,,,,,,,,,,,,,,,,,,,,,,,,,,,,,,,,,,,,,,,,,
,G,3.816,3.773,3.732,3.803,,,4.252,4.286,4.273,4.183,,,Max V [Blank Read 2:600],,,,,,,,,,,,,,,,,,,,,,,,,,,,,,,,,,,,,,,,,,,,,,,,,,,,
,,1,1,1,1,,,1,1,1,1,,,R-Squared [Blank Read 2:600],,,,,,,,,,,,,,,,,,,,,,,,,,,,,,,,,,,,,,,,,,,,,,,,,,,,
,,5:29:10,5:59:10,5:59:10,5:59:10,,,4:59:10,4:59:10,4:59:10,5:29:10,,,t at Max V [Blank Read 2:600],,,,,,,,,,,,,,,,,,,,,,,,,,,,,,,,,,,,,,,,,,,,,,,,,,,,
,,2:11:31,2:15:39,2:15:49,2:18:20,,,1:55:12,1:55:46,2:00:50,2:08:46,,,Lagtime [Blank Read 2:600],,,,,,,,,,,,,,,,,,,,,,,,,,,,,,,,,,,,,,,,,,,,,,,,,,,,
,H,3.842,3.862,3.867,3.802,,,2.581,2.602,2.581,2.774,,,Max V [Blank Read 2:600],,,,,,,,,,,,,,,,,,,,,,,,,,,,,,,,,,,,,,,,,,,,,,,,,,,,
,,1,1,1,1,,,1,1,1,1,,,R-Squared [Blank Read 2:600],,,,,,,,,,,,,,,,,,,,,,,,,,,,,,,,,,,,,,,,,,,,,,,,,,,,
,,4:59:10,5:29:10,4:29:10,4:59:10,,,10:29:10,10:29:10,10:29:10,9:59:10,,,t at Max V [Blank Read 2:600],,,,,,,,,,,,,,,,,,,,,,,,,,,,,,,,,,,,,,,,,,,,,,,,,,,,
,,1:47:37,1:56:53,1:36:10,1:50:39,,,4:09:19,4:21:17,4:02:47,4:19:56,,,Lagtime [Blank Read 2:600],,,,,,,,,,,,,,,,,,,,,,,,,,,,,,,,,,,,,,,,,,,,,,,,,,,,