Software Version,3.05.11,,,,,,,,,,,,,,,,,,,,,,,,,,,,,,,,,,,,,,,,,,,,,,,,,,,,,,,,,,,,,,,,,,,,,,,,,,,,,,,,,,,,,,,,,,,,,,,,,
,,,,,,,,,,,,,,,,,,,,,,,,,,,,,,,,,,,,,,,,,,,,,,,,,,,,,,,,,,,,,,,,,,,,,,,,,,,,,,,,,,,,,,,,,,,,,,,,,,
Experiment File Path:,C:\Users\Public\Documents\Experiments\Arndt\AlexF\GrowthCurve24hr_201025_101935.xpt,,,,,,,,,,,,,,,,,,,,,,,,,,,,,,,,,,,,,,,,,,,,,,,,,,,,,,,,,,,,,,,,,,,,,,,,,,,,,,,,,,,,,,,,,,,,,,,,,
Protocol File Path:,C:\Users\Public\Documents\Protocols\Arndt Lab\Alex\GrowthCurve24hr.prt,,,,,,,,,,,,,,,,,,,,,,,,,,,,,,,,,,,,,,,,,,,,,,,,,,,,,,,,,,,,,,,,,,,,,,,,,,,,,,,,,,,,,,,,,,,,,,,,,
Plate Number,Plate 1,,,,,,,,,,,,,,,,,,,,,,,,,,,,,,,,,,,,,,,,,,,,,,,,,,,,,,,,,,,,,,,,,,,,,,,,,,,,,,,,,,,,,,,,,,,,,,,,,
Date,10/25/20,,,,,,,,,,,,,,,,,,,,,,,,,,,,,,,,,,,,,,,,,,,,,,,,,,,,,,,,,,,,,,,,,,,,,,,,,,,,,,,,,,,,,,,,,,,,,,,,,
Time,10:22:37 AM,,,,,,,,,,,,,,,,,,,,,,,,,,,,,,,,,,,,,,,,,,,,,,,,,,,,,,,,,,,,,,,,,,,,,,,,,,,,,,,,,,,,,,,,,,,,,,,,,
Reader Type:,Cytation5,,,,,,,,,,,,,,,,,,,,,,,,,,,,,,,,,,,,,,,,,,,,,,,,,,,,,,,,,,,,,,,,,,,,,,,,,,,,,,,,,,,,,,,,,,,,,,,,,
Reader Serial Number:,18110712,,,,,,,,,,,,,,,,,,,,,,,,,,,,,,,,,,,,,,,,,,,,,,,,,,,,,,,,,,,,,,,,,,,,,,,,,,,,,,,,,,,,,,,,,,,,,,,,,
Reading Type,Reader,,,,,,,,,,,,,,,,,,,,,,,,,,,,,,,,,,,,,,,,,,,,,,,,,,,,,,,,,,,,,,,,,,,,,,,,,,,,,,,,,,,,,,,,,,,,,,,,,
,,,,,,,,,,,,,,,,,,,,,,,,,,,,,,,,,,,,,,,,,,,,,,,,,,,,,,,,,,,,,,,,,,,,,,,,,,,,,,,,,,,,,,,,,,,,,,,,,,
Procedure Details,,,,,,,,,,,,,,,,,,,,,,,,,,,,,,,,,,,,,,,,,,,,,,,,,,,,,,,,,,,,,,,,,,,,,,,,,,,,,,,,,,,,,,,,,,,,,,,,,,
Plate Type,96 WELL PLATE (Use plate lid),,,,,,,,,,,,,,,,,,,,,,,,,,,,,,,,,,,,,,,,,,,,,,,,,,,,,,,,,,,,,,,,,,,,,,,,,,,,,,,,,,,,,,,,,,,,,,,,,
Eject plate on completion,,,,,,,,,,,,,,,,,,,,,,,,,,,,,,,,,,,,,,,,,,,,,,,,,,,,,,,,,,,,,,,,,,,,,,,,,,,,,,,,,,,,,,,,,,,,,,,,,,
Read,Absorbance Endpoint,,,,,,,,,,,,,,,,,,,,,,,,,,,,,,,,,,,,,,,,,,,,,,,,,,,,,,,,,,,,,,,,,,,,,,,,,,,,,,,,,,,,,,,,,,,,,,,,,
,Full Plate,,,,,,,,,,,,,,,,,,,,,,,,,,,,,,,,,,,,,,,,,,,,,,,,,,,,,,,,,,,,,,,,,,,,,,,,,,,,,,,,,,,,,,,,,,,,,,,,,
,Wavelengths:  600,,,,,,,,,,,,,,,,,,,,,,,,,,,,,,,,,,,,,,,,,,,,,,,,,,,,,,,,,,,,,,,,,,,,,,,,,,,,,,,,,,,,,,,,,,,,,,,,,
,"Read Speed: Normal,  Delay: 100 msec,  Measurements/Data Point: 8",,,,,,,,,,,,,,,,,,,,,,,,,,,,,,,,,,,,,,,,,,,,,,,,,,,,,,,,,,,,,,,,,,,,,,,,,,,,,,,,,,,,,,,,,,,,,,,,,
Set Temperature,"Setpoint 30°C, Gradient 0 °C",,,,,,,,,,,,,,,,,,,,,,,,,,,,,,,,,,,,,,,,,,,,,,,,,,,,,,,,,,,,,,,,,,,,,,,,,,,,,,,,,,,,,,,,,,,,,,,,,
,Preheat before moving to next step,,,,,,,,,,,,,,,,,,,,,,,,,,,,,,,,,,,,,,,,,,,,,,,,,,,,,,,,,,,,,,,,,,,,,,,,,,,,,,,,,,,,,,,,,,,,,,,,,
Shake,Double Orbital: 0:30 (MM:SS),,,,,,,,,,,,,,,,,,,,,,,,,,,,,,,,,,,,,,,,,,,,,,,,,,,,,,,,,,,,,,,,,,,,,,,,,,,,,,,,,,,,,,,,,,,,,,,,,
,Frequency: 425 cpm (3 mm),,,,,,,,,,,,,,,,,,,,,,,,,,,,,,,,,,,,,,,,,,,,,,,,,,,,,,,,,,,,,,,,,,,,,,,,,,,,,,,,,,,,,,,,,,,,,,,,,
Start Kinetic,"Runtime 24:00:00 (HH:MM:SS), Interval 0:30:00, 49 Reads",,,,,,,,,,,,,,,,,,,,,,,,,,,,,,,,,,,,,,,,,,,,,,,,,,,,,,,,,,,,,,,,,,,,,,,,,,,,,,,,,,,,,,,,,,,,,,,,,
    Shake,Double Orbital: Continuous,,,,,,,,,,,,,,,,,,,,,,,,,,,,,,,,,,,,,,,,,,,,,,,,,,,,,,,,,,,,,,,,,,,,,,,,,,,,,,,,,,,,,,,,,,,,,,,,,
,Frequency: 425 cpm (3 mm),,,,,,,,,,,,,,,,,,,,,,,,,,,,,,,,,,,,,,,,,,,,,,,,,,,,,,,,,,,,,,,,,,,,,,,,,,,,,,,,,,,,,,,,,,,,,,,,,
    Read,Absorbance Endpoint,,,,,,,,,,,,,,,,,,,,,,,,,,,,,,,,,,,,,,,,,,,,,,,,,,,,,,,,,,,,,,,,,,,,,,,,,,,,,,,,,,,,,,,,,,,,,,,,,
,Full Plate,,,,,,,,,,,,,,,,,,,,,,,,,,,,,,,,,,,,,,,,,,,,,,,,,,,,,,,,,,,,,,,,,,,,,,,,,,,,,,,,,,,,,,,,,,,,,,,,,
,Wavelengths:  600,,,,,,,,,,,,,,,,,,,,,,,,,,,,,,,,,,,,,,,,,,,,,,,,,,,,,,,,,,,,,,,,,,,,,,,,,,,,,,,,,,,,,,,,,,,,,,,,,
,"Read Speed: Normal,  Delay: 100 msec,  Measurements/Data Point: 8",,,,,,,,,,,,,,,,,,,,,,,,,,,,,,,,,,,,,,,,,,,,,,,,,,,,,,,,,,,,,,,,,,,,,,,,,,,,,,,,,,,,,,,,,,,,,,,,,
End Kinetic,,,,,,,,,,,,,,,,,,,,,,,,,,,,,,,,,,,,,,,,,,,,,,,,,,,,,,,,,,,,,,,,,,,,,,,,,,,,,,,,,,,,,,,,,,,,,,,,,,
,,,,,,,,,,,,,,,,,,,,,,,,,,,,,,,,,,,,,,,,,,,,,,,,,,,,,,,,,,,,,,,,,,,,,,,,,,,,,,,,,,,,,,,,,,,,,,,,,,
Layout,,,,,,,,,,,,,,,,,,,,,,,,,,,,,,,,,,,,,,,,,,,,,,,,,,,,,,,,,,,,,,,,,,,,,,,,,,,,,,,,,,,,,,,,,,,,,,,,,,
,,,,,,,,,,,,,,,,,,,,,,,,,,,,,,,,,,,,,,,,,,,,,,,,,,,,,,,,,,,,,,,,,,,,,,,,,,,,,,,,,,,,,,,,,,,,,,,,,,
,,1,2,3,4,5,6,7,8,9,10,11,12,,,,,,,,,,,,,,,,,,,,,,,,,,,,,,,,,,,,,,,,,,,,,,,,,,,,,,,,,,,,,,,,,,,,,,,,,,,,,,,,,,,,,
,A,SPL1,SPL1,SPL1,SPL8,SPL8,SPL8,SPL15,SPL15,SPL15,SPL22,SPL22,SPL22,Well ID,,,,,,,,,,,,,,,,,,,,,,,,,,,,,,,,,,,,,,,,,,,,,,,,,,,,,,,,,,,,,,,,,,,,,,,,,,,,,,,,,,,,
,B,SPL2,SPL2,SPL2,SPL9,SPL9,SPL9,SPL16,SPL16,SPL16,SPL23,SPL23,SPL23,Well ID,,,,,,,,,,,,,,,,,,,,,,,,,,,,,,,,,,,,,,,,,,,,,,,,,,,,,,,,,,,,,,,,,,,,,,,,,,,,,,,,,,,,
,C,SPL3,SPL3,SPL3,SPL10,SPL10,SPL10,SPL17,SPL17,SPL17,SPL24,SPL24,SPL24,Well ID,,,,,,,,,,,,,,,,,,,,,,,,,,,,,,,,,,,,,,,,,,,,,,,,,,,,,,,,,,,,,,,,,,,,,,,,,,,,,,,,,,,,
,D,SPL4,SPL4,SPL4,SPL11,SPL11,SPL11,SPL18,SPL18,SPL18,SPL25,SPL25,SPL25,Well ID,,,,,,,,,,,,,,,,,,,,,,,,,,,,,,,,,,,,,,,,,,,,,,,,,,,,,,,,,,,,,,,,,,,,,,,,,,,,,,,,,,,,
,E,BLK,BLK,BLK,BLK,BLK,BLK,BLK,BLK,BLK,BLK,BLK,BLK,Well ID,,,,,,,,,,,,,,,,,,,,,,,,,,,,,,,,,,,,,,,,,,,,,,,,,,,,,,,,,,,,,,,,,,,,,,,,,,,,,,,,,,,,
,F,SPL5,SPL5,SPL5,SPL12,SPL12,SPL12,SPL19,SPL19,SPL19,SPL26,SPL26,SPL26,Well ID,,,,,,,,,,,,,,,,,,,,,,,,,,,,,,,,,,,,,,,,,,,,,,,,,,,,,,,,,,,,,,,,,,,,,,,,,,,,,,,,,,,,
,G,SPL6,SPL6,SPL6,SPL13,SPL13,SPL13,SPL20,SPL20,SPL20,SPL27,SPL27,SPL27,Well ID,,,,,,,,,,,,,,,,,,,,,,,,,,,,,,,,,,,,,,,,,,,,,,,,,,,,,,,,,,,,,,,,,,,,,,,,,,,,,,,,,,,,
,H,SPL7,SPL7,SPL7,SPL14,SPL14,SPL14,SPL21,SPL21,SPL21,SPL28,SPL28,SPL28,Well ID,,,,,,,,,,,,,,,,,,,,,,,,,,,,,,,,,,,,,,,,,,,,,,,,,,,,,,,,,,,,,,,,,,,,,,,,,,,,,,,,,,,,
,,,,,,,,,,,,,,,,,,,,,,,,,,,,,,,,,,,,,,,,,,,,,,,,,,,,,,,,,,,,,,,,,,,,,,,,,,,,,,,,,,,,,,,,,,,,,,,,,,
Results,,,,,,,,,,,,,,,,,,,,,,,,,,,,,,,,,,,,,,,,,,,,,,,,,,,,,,,,,,,,,,,,,,,,,,,,,,,,,,,,,,,,,,,,,,,,,,,,,,
Actual Temperature:,23.2,,,,,,,,,,,,,,,,,,,,,,,,,,,,,,,,,,,,,,,,,,,,,,,,,,,,,,,,,,,,,,,,,,,,,,,,,,,,,,,,,,,,,,,,,,,,,,,,,
,,,,,,,,,,,,,,,,,,,,,,,,,,,,,,,,,,,,,,,,,,,,,,,,,,,,,,,,,,,,,,,,,,,,,,,,,,,,,,,,,,,,,,,,,,,,,,,,,,
,,1,2,3,4,5,6,7,8,9,10,11,12,,,,,,,,,,,,,,,,,,,,,,,,,,,,,,,,,,,,,,,,,,,,,,,,,,,,,,,,,,,,,,,,,,,,,,,,,,,,,,,,,,,,,
,A,0.162,0.156,0.149,0.143,0.135,0.136,0.138,0.138,0.138,0.135,0.135,0.136,Read 1:600,,,,,,,,,,,,,,,,,,,,,,,,,,,,,,,,,,,,,,,,,,,,,,,,,,,,,,,,,,,,,,,,,,,,,,,,,,,,,,,,,,,,
,B,0.145,0.141,0.133,0.145,0.136,0.14,0.136,0.139,0.134,0.136,0.139,0.134,Read 1:600,,,,,,,,,,,,,,,,,,,,,,,,,,,,,,,,,,,,,,,,,,,,,,,,,,,,,,,,,,,,,,,,,,,,,,,,,,,,,,,,,,,,
,C,0.155,0.138,0.137,0.138,0.138,0.133,0.134,0.134,0.142,0.137,0.14,0.143,Read 1:600,,,,,,,,,,,,,,,,,,,,,,,,,,,,,,,,,,,,,,,,,,,,,,,,,,,,,,,,,,,,,,,,,,,,,,,,,,,,,,,,,,,,
,D,0.132,0.136,0.133,0.136,0.143,0.139,0.131,0.138,0.134,0.134,0.142,0.139,Read 1:600,,,,,,,,,,,,,,,,,,,,,,,,,,,,,,,,,,,,,,,,,,,,,,,,,,,,,,,,,,,,,,,,,,,,,,,,,,,,,,,,,,,,
,E,0.142,0.143,0.129,0.129,0.134,0.136,0.133,0.128,0.126,0.129,0.126,0.128,Read 1:600,,,,,,,,,,,,,,,,,,,,,,,,,,,,,,,,,,,,,,,,,,,,,,,,,,,,,,,,,,,,,,,,,,,,,,,,,,,,,,,,,,,,
,F,0.138,0.149,0.14,0.148,0.14,0.149,0.14,0.136,0.142,0.153,0.152,0.156,Read 1:600,,,,,,,,,,,,,,,,,,,,,,,,,,,,,,,,,,,,,,,,,,,,,,,,,,,,,,,,,,,,,,,,,,,,,,,,,,,,,,,,,,,,
,G,0.164,0.151,0.136,0.155,0.154,0.153,0.142,0.137,0.133,0.154,0.157,0.153,Read 1:600,,,,,,,,,,,,,,,,,,,,,,,,,,,,,,,,,,,,,,,,,,,,,,,,,,,,,,,,,,,,,,,,,,,,,,,,,,,,,,,,,,,,
,H,0.177,0.183,0.17,0.172,0.176,0.168,0.148,0.139,0.151,0.156,0.155,0.155,Read 1:600,,,,,,,,,,,,,,,,,,,,,,,,,,,,,,,,,,,,,,,,,,,,,,,,,,,,,,,,,,,,,,,,,,,,,,,,,,,,,,,,,,,,
,,,,,,,,,,,,,,,,,,,,,,,,,,,,,,,,,,,,,,,,,,,,,,,,,,,,,,,,,,,,,,,,,,,,,,,,,,,,,,,,,,,,,,,,,,,,,,,,,,
Read 2:600,,,,,,,,,,,,,,,,,,,,,,,,,,,,,,,,,,,,,,,,,,,,,,,,,,,,,,,,,,,,,,,,,,,,,,,,,,,,,,,,,,,,,,,,,,,,,,,,,,
,,,,,,,,,,,,,,,,,,,,,,,,,,,,,,,,,,,,,,,,,,,,,,,,,,,,,,,,,,,,,,,,,,,,,,,,,,,,,,,,,,,,,,,,,,,,,,,,,,
,Time,T° Read 2:600,A1,A2,A3,A4,A5,A6,A7,A8,A9,A10,A11,A12,B1,B2,B3,B4,B5,B6,B7,B8,B9,B10,B11,B12,C1,C2,C3,C4,C5,C6,C7,C8,C9,C10,C11,C12,D1,D2,D3,D4,D5,D6,D7,D8,D9,D10,D11,D12,E1,E2,E3,E4,E5,E6,E7,E8,E9,E10,E11,E12,F1,F2,F3,F4,F5,F6,F7,F8,F9,F10,F11,F12,G1,G2,G3,G4,G5,G6,G7,G8,G9,G10,G11,G12,H1,H2,H3,H4,H5,H6,H7,H8,H9,H10,H11,H12
,0:29:10,30.1,0.148,0.141,0.139,0.143,0.141,0.142,0.142,0.14,0.142,0.141,0.143,0.142,0.142,0.141,0.139,0.14,0.139,0.139,0.143,0.143,0.142,0.137,0.142,0.136,0.143,0.144,0.141,0.142,0.142,0.14,0.14,0.137,0.144,0.137,0.137,0.139,0.14,0.143,0.141,0.138,0.144,0.142,0.134,0.14,0.138,0.133,0.135,0.131,0.129,0.131,0.128,0.129,0.137,0.133,0.131,0.128,0.127,0.128,0.127,0.128,0.142,0.139,0.139,0.141,0.142,0.14,0.141,0.14,0.139,0.139,0.138,0.146,0.141,0.135,0.139,0.138,0.141,0.139,0.141,0.138,0.137,0.142,0.138,0.141,0.143,0.151,0.136,0.138,0.141,0.142,0.141,0.145,0.142,0.138,0.138,0.139
,0:59:10,30.1,0.17,0.158,0.158,0.169,0.162,0.158,0.156,0.153,0.155,0.16,0.162,0.159,0.16,0.154,0.157,0.154,0.151,0.152,0.168,0.159,0.165,0.149,0.157,0.148,0.157,0.164,0.16,0.161,0.155,0.154,0.159,0.151,0.16,0.148,0.147,0.148,0.16,0.16,0.163,0.146,0.153,0.15,0.14,0.149,0.149,0.138,0.139,0.136,0.128,0.13,0.127,0.13,0.134,0.133,0.13,0.128,0.127,0.127,0.127,0.128,0.157,0.157,0.158,0.155,0.158,0.151,0.154,0.155,0.155,0.147,0.144,0.154,0.151,0.146,0.152,0.149,0.154,0.15,0.155,0.152,0.148,0.149,0.144,0.148,0.153,0.16,0.143,0.144,0.146,0.147,0.153,0.156,0.15,0.145,0.147,0.147
,1:29:10,30,0.197,0.183,0.184,0.198,0.19,0.182,0.175,0.171,0.172,0.178,0.181,0.178,0.19,0.176,0.183,0.183,0.175,0.178,0.199,0.189,0.194,0.171,0.185,0.17,0.185,0.195,0.193,0.195,0.181,0.178,0.186,0.175,0.181,0.166,0.166,0.167,0.19,0.183,0.191,0.162,0.17,0.166,0.151,0.164,0.162,0.145,0.146,0.144,0.128,0.129,0.127,0.129,0.135,0.132,0.13,0.128,0.127,0.127,0.127,0.127,0.183,0.183,0.189,0.177,0.185,0.17,0.179,0.182,0.181,0.161,0.157,0.169,0.168,0.164,0.171,0.166,0.172,0.165,0.175,0.166,0.165,0.162,0.156,0.161,0.164,0.169,0.152,0.151,0.152,0.154,0.165,0.167,0.158,0.154,0.156,0.156
,1:59:10,30.1,0.222,0.208,0.208,0.223,0.215,0.205,0.191,0.187,0.188,0.194,0.199,0.195,0.22,0.201,0.206,0.212,0.204,0.204,0.222,0.215,0.217,0.197,0.212,0.2,0.222,0.224,0.224,0.229,0.215,0.207,0.208,0.199,0.207,0.189,0.19,0.189,0.214,0.206,0.211,0.182,0.19,0.185,0.163,0.177,0.172,0.154,0.156,0.154,0.127,0.129,0.127,0.128,0.133,0.134,0.13,0.128,0.127,0.129,0.127,0.128,0.211,0.208,0.215,0.199,0.21,0.193,0.203,0.208,0.206,0.18,0.175,0.19,0.181,0.179,0.186,0.178,0.186,0.178,0.192,0.182,0.179,0.177,0.168,0.175,0.174,0.177,0.16,0.158,0.159,0.16,0.175,0.176,0.166,0.162,0.165,0.165
,2:29:10,30.1,0.251,0.235,0.236,0.253,0.242,0.228,0.209,0.204,0.205,0.213,0.218,0.213,0.251,0.227,0.231,0.239,0.234,0.23,0.249,0.244,0.247,0.223,0.239,0.226,0.257,0.254,0.253,0.261,0.248,0.235,0.235,0.227,0.232,0.215,0.216,0.216,0.235,0.224,0.231,0.203,0.211,0.205,0.174,0.188,0.184,0.163,0.166,0.164,0.127,0.128,0.127,0.128,0.132,0.132,0.13,0.128,0.126,0.129,0.127,0.127,0.24,0.236,0.243,0.219,0.234,0.217,0.229,0.235,0.236,0.202,0.197,0.214,0.195,0.194,0.2,0.191,0.199,0.19,0.208,0.197,0.194,0.193,0.18,0.189,0.185,0.189,0.17,0.166,0.167,0.168,0.187,0.188,0.176,0.171,0.174,0.175
,2:59:10,30.1,0.286,0.269,0.271,0.288,0.276,0.258,0.232,0.227,0.228,0.236,0.242,0.237,0.289,0.259,0.264,0.27,0.268,0.26,0.284,0.28,0.282,0.255,0.271,0.26,0.297,0.293,0.291,0.301,0.285,0.273,0.269,0.261,0.265,0.245,0.249,0.247,0.257,0.244,0.251,0.225,0.234,0.226,0.188,0.201,0.198,0.176,0.178,0.177,0.127,0.128,0.127,0.129,0.132,0.131,0.129,0.127,0.126,0.127,0.129,0.127,0.276,0.271,0.277,0.243,0.262,0.242,0.262,0.27,0.27,0.229,0.223,0.243,0.211,0.212,0.218,0.208,0.217,0.205,0.228,0.217,0.212,0.21,0.195,0.205,0.2,0.201,0.181,0.176,0.177,0.178,0.202,0.203,0.189,0.182,0.187,0.187
,3:29:10,30,0.331,0.311,0.312,0.334,0.318,0.295,0.261,0.256,0.258,0.266,0.274,0.266,0.331,0.296,0.303,0.305,0.305,0.292,0.324,0.322,0.326,0.294,0.308,0.298,0.346,0.338,0.338,0.349,0.329,0.316,0.311,0.303,0.306,0.283,0.29,0.285,0.283,0.266,0.275,0.247,0.258,0.248,0.203,0.215,0.214,0.19,0.192,0.191,0.126,0.128,0.127,0.128,0.132,0.13,0.129,0.127,0.126,0.126,0.13,0.127,0.319,0.316,0.319,0.274,0.296,0.274,0.302,0.313,0.315,0.26,0.254,0.276,0.231,0.233,0.24,0.228,0.239,0.225,0.253,0.24,0.234,0.231,0.213,0.225,0.218,0.218,0.196,0.189,0.19,0.192,0.222,0.221,0.204,0.197,0.203,0.204
,3:59:10,30,0.385,0.362,0.364,0.389,0.369,0.341,0.299,0.291,0.292,0.303,0.312,0.304,0.374,0.337,0.348,0.344,0.346,0.327,0.37,0.371,0.379,0.337,0.353,0.344,0.4,0.392,0.392,0.404,0.382,0.368,0.357,0.351,0.353,0.328,0.336,0.331,0.311,0.291,0.302,0.271,0.284,0.274,0.219,0.231,0.231,0.204,0.207,0.209,0.126,0.128,0.126,0.129,0.133,0.13,0.129,0.127,0.126,0.128,0.13,0.127,0.372,0.368,0.371,0.309,0.336,0.309,0.347,0.361,0.363,0.296,0.289,0.312,0.256,0.26,0.267,0.254,0.265,0.249,0.284,0.269,0.262,0.258,0.235,0.249,0.24,0.239,0.214,0.205,0.205,0.21,0.246,0.243,0.224,0.214,0.222,0.223
,4:29:10,30.1,0.451,0.426,0.431,0.455,0.434,0.398,0.343,0.335,0.337,0.349,0.36,0.348,0.424,0.384,0.399,0.385,0.391,0.365,0.423,0.429,0.436,0.386,0.401,0.395,0.468,0.453,0.454,0.467,0.441,0.43,0.409,0.406,0.411,0.382,0.392,0.381,0.344,0.322,0.333,0.299,0.312,0.3,0.239,0.25,0.251,0.222,0.226,0.228,0.126,0.128,0.126,0.128,0.133,0.131,0.129,0.127,0.126,0.126,0.13,0.127,0.432,0.428,0.429,0.35,0.38,0.351,0.4,0.42,0.423,0.338,0.331,0.354,0.286,0.292,0.301,0.285,0.298,0.279,0.322,0.304,0.294,0.29,0.263,0.279,0.266,0.263,0.236,0.224,0.224,0.229,0.274,0.27,0.248,0.236,0.245,0.247
,4:59:10,30,0.53,0.502,0.509,0.529,0.512,0.467,0.398,0.39,0.393,0.405,0.419,0.404,0.481,0.437,0.457,0.43,0.439,0.407,0.486,0.499,0.503,0.437,0.454,0.452,0.542,0.522,0.525,0.539,0.508,0.501,0.465,0.47,0.473,0.446,0.455,0.437,0.381,0.353,0.366,0.329,0.344,0.332,0.261,0.27,0.274,0.241,0.246,0.247,0.126,0.128,0.126,0.127,0.131,0.131,0.129,0.127,0.126,0.127,0.126,0.127,0.507,0.5,0.5,0.399,0.434,0.402,0.464,0.49,0.49,0.387,0.379,0.406,0.324,0.331,0.343,0.323,0.339,0.314,0.368,0.348,0.335,0.33,0.295,0.315,0.298,0.293,0.262,0.247,0.246,0.253,0.308,0.302,0.278,0.261,0.273,0.277
,5:29:10,30.1,0.622,0.59,0.6,0.609,0.603,0.551,0.466,0.456,0.46,0.471,0.486,0.471,0.545,0.496,0.523,0.481,0.492,0.453,0.558,0.576,0.58,0.494,0.513,0.513,0.627,0.599,0.602,0.614,0.582,0.578,0.525,0.54,0.543,0.52,0.526,0.504,0.419,0.389,0.405,0.363,0.379,0.366,0.285,0.293,0.297,0.264,0.269,0.271,0.126,0.127,0.126,0.127,0.131,0.129,0.129,0.126,0.126,0.13,0.126,0.127,0.59,0.58,0.571,0.452,0.491,0.458,0.53,0.565,0.563,0.442,0.431,0.463,0.368,0.382,0.392,0.37,0.388,0.356,0.421,0.401,0.382,0.376,0.335,0.359,0.336,0.329,0.294,0.274,0.274,0.281,0.35,0.342,0.311,0.292,0.306,0.31
,5:59:10,30.1,0.725,0.693,0.702,0.694,0.709,0.648,0.548,0.536,0.539,0.547,0.566,0.547,0.62,0.564,0.6,0.536,0.55,0.503,0.643,0.666,0.674,0.555,0.579,0.578,0.722,0.683,0.689,0.698,0.662,0.663,0.588,0.617,0.62,0.602,0.608,0.577,0.463,0.427,0.443,0.401,0.42,0.404,0.313,0.316,0.323,0.287,0.294,0.296,0.126,0.127,0.126,0.128,0.131,0.129,0.128,0.126,0.126,0.126,0.126,0.127,0.685,0.67,0.656,0.512,0.559,0.525,0.611,0.659,0.657,0.506,0.493,0.529,0.425,0.443,0.453,0.426,0.447,0.409,0.484,0.463,0.438,0.436,0.383,0.411,0.382,0.371,0.333,0.307,0.305,0.316,0.4,0.389,0.354,0.327,0.345,0.352
,6:29:10,30,0.836,0.804,0.815,0.783,0.813,0.756,0.642,0.628,0.63,0.635,0.654,0.635,0.711,0.639,0.689,0.597,0.614,0.566,0.746,0.766,0.783,0.622,0.651,0.649,0.821,0.771,0.779,0.782,0.749,0.754,0.661,0.701,0.707,0.693,0.697,0.658,0.509,0.47,0.486,0.446,0.466,0.448,0.342,0.343,0.35,0.315,0.322,0.323,0.126,0.127,0.126,0.127,0.131,0.13,0.128,0.126,0.126,0.127,0.126,0.127,0.785,0.765,0.74,0.578,0.625,0.598,0.693,0.747,0.747,0.577,0.562,0.604,0.489,0.512,0.522,0.493,0.515,0.47,0.554,0.534,0.5,0.503,0.438,0.473,0.433,0.423,0.376,0.346,0.345,0.354,0.46,0.447,0.403,0.371,0.393,0.402
,6:59:10,30,0.958,0.922,0.937,0.88,0.933,0.87,0.746,0.727,0.734,0.727,0.75,0.729,0.817,0.732,0.795,0.663,0.685,0.629,0.868,0.882,0.908,0.701,0.728,0.727,0.929,0.869,0.875,0.881,0.845,0.856,0.745,0.794,0.801,0.794,0.796,0.745,0.557,0.515,0.529,0.494,0.515,0.496,0.373,0.37,0.378,0.344,0.353,0.353,0.126,0.127,0.126,0.127,0.131,0.13,0.128,0.126,0.126,0.126,0.126,0.127,0.902,0.873,0.85,0.651,0.709,0.683,0.801,0.864,0.87,0.659,0.64,0.686,0.569,0.596,0.601,0.573,0.592,0.54,0.632,0.615,0.568,0.584,0.503,0.544,0.494,0.484,0.43,0.394,0.392,0.398,0.531,0.514,0.462,0.425,0.45,0.465
,7:29:10,30.1,1.084,1.051,1.063,0.983,1.056,0.997,0.863,0.839,0.845,0.823,0.854,0.836,0.943,0.842,0.918,0.737,0.763,0.699,0.998,1.013,1.047,0.781,0.814,0.814,1.046,0.983,0.985,0.998,0.943,0.964,0.848,0.901,0.911,0.901,0.901,0.842,0.611,0.564,0.576,0.544,0.569,0.548,0.406,0.399,0.407,0.375,0.386,0.384,0.126,0.126,0.126,0.127,0.13,0.128,0.128,0.126,0.126,0.127,0.125,0.127,1.02,0.986,0.969,0.727,0.784,0.772,0.915,0.985,1.007,0.744,0.724,0.775,0.654,0.684,0.686,0.662,0.678,0.617,0.714,0.701,0.638,0.674,0.571,0.62,0.572,0.556,0.495,0.453,0.447,0.456,0.613,0.591,0.53,0.486,0.515,0.536
,7:59:10,30,1.214,1.177,1.192,1.094,1.172,1.114,0.983,0.955,0.965,0.927,0.964,0.947,1.081,0.954,1.051,0.827,0.855,0.786,1.143,1.132,1.172,0.874,0.912,0.912,1.162,1.102,1.106,1.125,1.066,1.08,0.967,1.023,1.034,1.018,1.017,0.949,0.667,0.614,0.626,0.603,0.627,0.601,0.442,0.43,0.438,0.408,0.42,0.416,0.125,0.126,0.126,0.127,0.13,0.128,0.128,0.125,0.126,0.128,0.126,0.127,1.14,1.104,1.092,0.806,0.859,0.863,1.042,1.123,1.155,0.838,0.817,0.869,0.742,0.779,0.774,0.761,0.77,0.703,0.797,0.792,0.716,0.773,0.649,0.706,0.646,0.637,0.567,0.521,0.514,0.521,0.706,0.678,0.608,0.559,0.592,0.615
,8:29:10,30,1.349,1.305,1.319,1.222,1.304,1.243,1.108,1.074,1.088,1.035,1.079,1.06,1.214,1.096,1.183,0.923,0.948,0.88,1.265,1.244,1.274,0.974,1.013,1.008,1.282,1.242,1.246,1.259,1.2,1.211,1.116,1.166,1.176,1.137,1.142,1.081,0.722,0.666,0.676,0.661,0.691,0.662,0.478,0.461,0.47,0.446,0.458,0.453,0.125,0.126,0.126,0.126,0.129,0.13,0.128,0.125,0.126,0.128,0.127,0.127,1.279,1.247,1.25,0.893,0.952,0.965,1.207,1.274,1.305,0.94,0.918,0.968,0.849,0.886,0.868,0.871,0.87,0.791,0.887,0.887,0.791,0.879,0.733,0.797,0.739,0.73,0.647,0.597,0.591,0.599,0.808,0.775,0.694,0.644,0.68,0.708
,8:59:10,30,1.481,1.434,1.45,1.386,1.436,1.373,1.236,1.204,1.218,1.151,1.201,1.181,1.313,1.227,1.289,1.035,1.057,0.995,1.369,1.336,1.36,1.076,1.115,1.112,1.381,1.371,1.368,1.382,1.32,1.334,1.267,1.307,1.314,1.257,1.273,1.208,0.776,0.712,0.73,0.731,0.762,0.731,0.519,0.493,0.505,0.484,0.497,0.49,0.125,0.126,0.126,0.126,0.13,0.128,0.128,0.125,0.126,0.128,0.126,0.127,1.402,1.383,1.402,0.985,1.034,1.065,1.363,1.402,1.421,1.04,1.022,1.072,0.954,0.996,0.968,0.979,0.966,0.887,0.977,0.985,0.875,0.993,0.821,0.894,0.839,0.828,0.739,0.686,0.675,0.687,0.916,0.877,0.789,0.735,0.776,0.813
,9:29:10,30.1,1.6,1.553,1.564,1.556,1.565,1.497,1.365,1.336,1.347,1.272,1.331,1.308,1.395,1.336,1.378,1.146,1.16,1.106,1.45,1.419,1.44,1.176,1.208,1.21,1.469,1.469,1.461,1.471,1.416,1.436,1.406,1.421,1.42,1.369,1.381,1.343,0.834,0.766,0.786,0.799,0.834,0.801,0.561,0.528,0.542,0.526,0.539,0.533,0.125,0.126,0.125,0.126,0.129,0.128,0.128,0.125,0.126,0.126,0.126,0.126,1.508,1.5,1.528,1.086,1.144,1.178,1.484,1.506,1.514,1.152,1.13,1.18,1.065,1.112,1.069,1.095,1.069,0.984,1.075,1.091,0.963,1.11,0.917,0.996,0.938,0.933,0.836,0.784,0.775,0.779,1.029,0.986,0.887,0.839,0.88,0.923
,9:59:10,30,1.701,1.659,1.668,1.696,1.676,1.611,1.49,1.462,1.474,1.403,1.468,1.44,1.465,1.423,1.456,1.248,1.257,1.216,1.521,1.491,1.512,1.264,1.3,1.292,1.543,1.55,1.535,1.542,1.494,1.52,1.518,1.508,1.504,1.468,1.472,1.452,0.902,0.824,0.848,0.873,0.908,0.873,0.606,0.565,0.58,0.572,0.582,0.574,0.125,0.126,0.125,0.126,0.129,0.127,0.127,0.125,0.125,0.127,0.127,0.126,1.594,1.592,1.621,1.195,1.254,1.288,1.578,1.59,1.593,1.262,1.24,1.289,1.184,1.233,1.178,1.209,1.17,1.087,1.173,1.197,1.052,1.228,1.021,1.102,1.039,1.044,0.936,0.891,0.874,0.882,1.143,1.097,0.99,0.948,0.99,1.031
,10:29:10,30.1,1.784,1.749,1.754,1.787,1.765,1.706,1.613,1.586,1.593,1.537,1.602,1.569,1.532,1.497,1.523,1.338,1.342,1.32,1.588,1.558,1.579,1.342,1.375,1.364,1.606,1.617,1.601,1.606,1.561,1.59,1.601,1.583,1.578,1.551,1.548,1.535,0.973,0.893,0.922,0.943,0.98,0.944,0.652,0.607,0.625,0.62,0.634,0.62,0.125,0.126,0.125,0.126,0.129,0.127,0.127,0.125,0.125,0.134,0.124,0.126,1.668,1.668,1.7,1.317,1.383,1.396,1.655,1.663,1.662,1.373,1.352,1.403,1.302,1.356,1.291,1.329,1.284,1.196,1.283,1.316,1.155,1.348,1.127,1.212,1.157,1.157,1.047,0.997,0.98,0.99,1.257,1.213,1.096,1.06,1.101,1.148
,10:59:10,30,1.854,1.823,1.827,1.859,1.841,1.787,1.724,1.697,1.702,1.669,1.72,1.692,1.592,1.563,1.583,1.409,1.408,1.397,1.649,1.619,1.641,1.411,1.444,1.433,1.667,1.677,1.658,1.663,1.622,1.651,1.669,1.645,1.641,1.621,1.616,1.601,1.053,0.972,1.004,1.016,1.056,1.017,0.704,0.651,0.67,0.671,0.686,0.67,0.125,0.125,0.125,0.126,0.129,0.128,0.128,0.125,0.125,0.131,0.127,0.125,1.733,1.734,1.766,1.445,1.516,1.5,1.722,1.727,1.725,1.482,1.457,1.517,1.423,1.479,1.419,1.448,1.406,1.313,1.404,1.442,1.276,1.467,1.239,1.33,1.263,1.269,1.16,1.109,1.088,1.1,1.367,1.316,1.207,1.166,1.212,1.256
,11:29:10,30,1.912,1.885,1.887,1.917,1.903,1.857,1.822,1.798,1.795,1.781,1.812,1.794,1.648,1.621,1.639,1.472,1.471,1.466,1.703,1.677,1.699,1.477,1.5,1.498,1.722,1.729,1.71,1.715,1.678,1.705,1.728,1.7,1.698,1.681,1.677,1.662,1.134,1.048,1.096,1.097,1.134,1.1,0.764,0.7,0.73,0.728,0.742,0.726,0.125,0.125,0.125,0.126,0.128,0.127,0.127,0.125,0.125,0.133,0.126,0.125,1.793,1.794,1.825,1.567,1.651,1.603,1.78,1.784,1.782,1.583,1.562,1.612,1.547,1.597,1.547,1.56,1.524,1.43,1.543,1.573,1.419,1.581,1.363,1.453,1.372,1.38,1.273,1.218,1.197,1.206,1.475,1.429,1.315,1.28,1.32,1.369
,11:59:10,30.1,1.964,1.937,1.94,1.965,1.959,1.917,1.901,1.88,1.873,1.866,1.888,1.871,1.703,1.677,1.69,1.53,1.526,1.528,1.755,1.731,1.755,1.539,1.56,1.554,1.771,1.78,1.756,1.764,1.728,1.752,1.778,1.752,1.749,1.738,1.731,1.719,1.231,1.152,1.194,1.169,1.209,1.174,0.825,0.759,0.796,0.788,0.807,0.789,0.125,0.125,0.125,0.126,0.128,0.127,0.127,0.125,0.125,0.124,0.127,0.125,1.846,1.847,1.875,1.673,1.744,1.691,1.831,1.837,1.836,1.666,1.656,1.689,1.659,1.707,1.672,1.672,1.652,1.556,1.691,1.696,1.577,1.686,1.488,1.585,1.474,1.488,1.385,1.324,1.302,1.312,1.577,1.528,1.426,1.387,1.425,1.474
,12:29:10,30,2.008,1.982,1.983,2.006,2.006,1.968,1.967,1.946,1.938,1.933,1.951,1.937,1.757,1.728,1.74,1.586,1.579,1.586,1.804,1.783,1.807,1.592,1.618,1.608,1.817,1.828,1.804,1.81,1.77,1.798,1.823,1.798,1.798,1.789,1.782,1.772,1.339,1.271,1.298,1.243,1.282,1.246,0.897,0.825,0.872,0.859,0.88,0.865,0.125,0.125,0.124,0.126,0.128,0.128,0.127,0.125,0.125,0.133,0.125,0.125,1.895,1.895,1.921,1.754,1.81,1.765,1.877,1.882,1.882,1.737,1.734,1.755,1.763,1.801,1.778,1.768,1.758,1.676,1.8,1.802,1.726,1.78,1.617,1.712,1.572,1.589,1.487,1.427,1.41,1.408,1.665,1.624,1.528,1.487,1.528,1.565
,12:59:10,30,2.045,2.022,2.023,2.04,2.042,2.011,2.021,2.001,1.994,1.986,2.002,1.992,1.805,1.778,1.784,1.635,1.627,1.639,1.847,1.83,1.854,1.645,1.67,1.661,1.86,1.869,1.846,1.855,1.814,1.839,1.866,1.84,1.841,1.835,1.831,1.82,1.414,1.37,1.396,1.321,1.36,1.326,0.98,0.903,0.96,0.936,0.962,0.939,0.124,0.125,0.124,0.126,0.128,0.127,0.127,0.125,0.125,0.132,0.127,0.125,1.938,1.936,1.963,1.817,1.866,1.83,1.92,1.923,1.922,1.799,1.796,1.813,1.853,1.876,1.857,1.849,1.85,1.787,1.872,1.876,1.829,1.858,1.732,1.817,1.667,1.677,1.583,1.524,1.506,1.504,1.747,1.708,1.622,1.581,1.618,1.655
,13:29:10,30.1,2.073,2.052,2.054,2.068,2.069,2.046,2.063,2.046,2.038,2.032,2.047,2.036,1.849,1.822,1.825,1.681,1.672,1.685,1.888,1.877,1.898,1.695,1.717,1.703,1.903,1.911,1.888,1.896,1.851,1.874,1.907,1.88,1.885,1.877,1.872,1.866,1.488,1.464,1.465,1.387,1.425,1.395,1.067,0.997,1.059,1.021,1.055,1.029,0.124,0.124,0.124,0.126,0.128,0.127,0.127,0.125,0.125,0.13,0.127,0.125,1.979,1.973,1.998,1.871,1.911,1.884,1.957,1.961,1.96,1.85,1.852,1.861,1.921,1.93,1.914,1.909,1.909,1.863,1.925,1.931,1.899,1.917,1.822,1.885,1.75,1.754,1.669,1.61,1.595,1.595,1.817,1.78,1.704,1.663,1.7,1.732
,13:59:10,30,2.093,2.074,2.077,2.088,2.088,2.07,2.092,2.078,2.071,2.067,2.077,2.074,1.893,1.862,1.865,1.725,1.715,1.73,1.927,1.918,1.934,1.743,1.763,1.752,1.943,1.952,1.93,1.939,1.89,1.911,1.941,1.921,1.925,1.917,1.915,1.908,1.543,1.522,1.525,1.459,1.492,1.466,1.175,1.105,1.168,1.115,1.153,1.13,0.124,0.124,0.124,0.125,0.127,0.127,0.127,0.124,0.125,0.131,0.127,0.124,2.014,2.006,2.032,1.917,1.947,1.929,1.992,1.994,1.993,1.897,1.899,1.902,1.967,1.976,1.956,1.953,1.951,1.915,1.967,1.973,1.947,1.964,1.889,1.935,1.827,1.82,1.748,1.687,1.672,1.674,1.877,1.839,1.778,1.734,1.769,1.799
,14:29:10,30,2.105,2.09,2.092,2.101,2.1,2.085,2.112,2.101,2.094,2.092,2.1,2.096,1.93,1.901,1.907,1.763,1.756,1.773,1.962,1.958,1.97,1.787,1.804,1.794,1.978,1.986,1.968,1.977,1.933,1.948,1.978,1.959,1.964,1.954,1.954,1.946,1.589,1.57,1.575,1.519,1.547,1.524,1.277,1.226,1.288,1.211,1.253,1.238,0.124,0.124,0.124,0.126,0.127,0.127,0.127,0.124,0.125,0.127,0.126,0.124,2.042,2.034,2.06,1.956,1.981,1.968,2.022,2.023,2.023,1.935,1.938,1.936,2.004,2.009,1.99,1.986,1.983,1.952,1.997,2.004,1.984,2,1.94,1.977,1.877,1.874,1.811,1.755,1.742,1.745,1.925,1.889,1.838,1.796,1.829,1.858
,14:59:10,30,2.113,2.1,2.101,2.11,2.107,2.093,2.123,2.113,2.106,2.109,2.114,2.111,1.968,1.939,1.947,1.8,1.792,1.809,1.994,1.989,1.998,1.827,1.843,1.836,2.005,2.008,1.997,2.009,1.97,1.981,2.006,1.992,1.994,1.986,1.985,1.982,1.634,1.61,1.619,1.575,1.6,1.582,1.39,1.351,1.399,1.307,1.346,1.337,0.124,0.124,0.124,0.126,0.127,0.126,0.126,0.124,0.125,0.127,0.126,0.124,2.062,2.051,2.077,1.99,2.009,2.001,2.042,2.041,2.042,1.968,1.972,1.966,2.029,2.031,2.015,2.011,2.007,1.982,2.023,2.03,2.01,2.031,1.974,2.006,1.925,1.919,1.868,1.811,1.799,1.806,1.965,1.931,1.885,1.851,1.878,1.9
,15:29:10,30,2.116,2.105,2.106,2.113,2.11,2.097,2.129,2.119,2.115,2.117,2.123,2.118,1.998,1.974,1.98,1.838,1.826,1.845,2.014,2.013,2.017,1.857,1.868,1.868,2.021,2.023,2.015,2.033,1.998,2.007,2.026,2.015,2.017,2.009,2.007,2.003,1.673,1.646,1.659,1.622,1.647,1.63,1.478,1.452,1.482,1.389,1.423,1.425,0.124,0.124,0.124,0.125,0.126,0.127,0.127,0.124,0.125,0.126,0.126,0.126,2.074,2.065,2.088,2.019,2.031,2.028,2.055,2.053,2.056,1.997,2.004,1.991,2.051,2.049,2.034,2.031,2.026,2.005,2.041,2.049,2.03,2.051,1.999,2.03,1.966,1.956,1.912,1.858,1.849,1.855,1.992,1.961,1.923,1.891,1.918,1.943
,15:59:10,30,2.117,2.107,2.107,2.116,2.111,2.098,2.13,2.122,2.118,2.122,2.127,2.125,2.022,2.003,2.006,1.869,1.854,1.877,2.027,2.028,2.032,1.886,1.902,1.897,2.03,2.035,2.029,2.049,2.017,2.022,2.041,2.029,2.032,2.023,2.023,2.017,1.708,1.682,1.697,1.663,1.688,1.677,1.542,1.525,1.544,1.462,1.483,1.495,0.124,0.124,0.124,0.125,0.126,0.125,0.127,0.124,0.124,0.133,0.126,0.125,2.08,2.073,2.095,2.042,2.051,2.051,2.062,2.061,2.065,2.02,2.028,2.012,2.069,2.064,2.05,2.048,2.041,2.022,2.057,2.064,2.048,2.067,2.018,2.048,1.991,1.983,1.944,1.892,1.885,1.89,2.008,1.98,1.948,1.922,1.944,1.962
,16:29:10,30,2.115,2.109,2.107,2.116,2.11,2.098,2.131,2.123,2.12,2.122,2.129,2.122,2.035,2.024,2.025,1.889,1.883,1.907,2.035,2.038,2.038,1.92,1.932,1.922,2.032,2.04,2.035,2.061,2.029,2.033,2.046,2.037,2.04,2.032,2.03,2.026,1.739,1.715,1.734,1.704,1.727,1.72,1.596,1.583,1.595,1.525,1.534,1.551,0.124,0.124,0.124,0.125,0.126,0.125,0.126,0.124,0.124,0.128,0.126,0.125,2.082,2.076,2.098,2.059,2.066,2.067,2.066,2.064,2.066,2.039,2.045,2.028,2.083,2.077,2.065,2.063,2.055,2.039,2.071,2.079,2.063,2.083,2.036,2.065,2.004,2,1.962,1.909,1.904,1.91,2.014,1.99,1.959,1.94,1.957,1.97
,16:59:10,30,2.115,2.108,2.106,2.115,2.109,2.097,2.131,2.123,2.121,2.121,2.129,2.125,2.041,2.034,2.037,1.919,1.902,1.937,2.035,2.04,2.041,1.933,1.952,1.947,2.032,2.04,2.036,2.064,2.034,2.039,2.049,2.039,2.042,2.035,2.036,2.029,1.771,1.747,1.767,1.738,1.758,1.755,1.638,1.628,1.641,1.577,1.582,1.597,0.124,0.124,0.123,0.125,0.129,0.127,0.126,0.124,0.124,0.129,0.126,0.125,2.083,2.075,2.098,2.071,2.078,2.078,2.065,2.066,2.069,2.05,2.057,2.04,2.096,2.089,2.076,2.077,2.068,2.053,2.083,2.09,2.076,2.096,2.052,2.077,2.012,2.008,1.971,1.919,1.911,1.918,2.017,1.994,1.962,1.947,1.963,1.979
,17:29:10,30,2.114,2.107,2.105,2.114,2.108,2.096,2.131,2.123,2.12,2.119,2.131,2.122,2.044,2.039,2.044,1.935,1.922,1.961,2.034,2.041,2.041,1.964,1.968,1.957,2.031,2.039,2.037,2.065,2.038,2.041,2.049,2.039,2.043,2.036,2.034,2.031,1.8,1.778,1.801,1.773,1.792,1.793,1.676,1.67,1.681,1.622,1.625,1.639,0.124,0.124,0.123,0.125,0.129,0.125,0.126,0.124,0.124,0.132,0.126,0.125,2.082,2.075,2.097,2.078,2.085,2.085,2.063,2.065,2.068,2.057,2.063,2.046,2.106,2.1,2.088,2.087,2.078,2.065,2.093,2.1,2.087,2.106,2.067,2.09,2.013,2.011,1.974,1.923,1.914,1.92,2.019,1.996,1.969,1.951,1.964,1.98
,17:59:10,30,2.114,2.106,2.105,2.114,2.108,2.095,2.131,2.122,2.121,2.119,2.131,2.12,2.045,2.038,2.045,1.949,1.952,1.983,2.033,2.039,2.039,1.983,1.989,1.971,2.029,2.039,2.036,2.064,2.039,2.04,2.048,2.036,2.041,2.035,2.035,2.03,1.828,1.806,1.832,1.804,1.823,1.824,1.708,1.712,1.718,1.665,1.669,1.675,0.124,0.124,0.123,0.125,0.127,0.126,0.126,0.123,0.124,0.135,0.125,0.125,2.081,2.075,2.096,2.081,2.089,2.088,2.061,2.063,2.066,2.061,2.064,2.049,2.114,2.108,2.098,2.094,2.085,2.074,2.101,2.108,2.096,2.114,2.078,2.098,2.015,2.013,1.976,1.925,1.913,1.922,2.018,1.995,1.967,1.949,1.963,1.975
,18:29:10,30,2.115,2.106,2.105,2.113,2.108,2.094,2.131,2.122,2.121,2.119,2.128,2.12,2.043,2.036,2.045,1.964,1.966,1.999,2.031,2.038,2.036,1.983,2,1.984,2.027,2.038,2.036,2.064,2.039,2.04,2.046,2.035,2.039,2.033,2.035,2.027,1.853,1.836,1.86,1.834,1.851,1.853,1.741,1.746,1.754,1.704,1.702,1.71,0.123,0.124,0.123,0.126,0.127,0.125,0.126,0.123,0.124,0.129,0.126,0.125,2.08,2.075,2.094,2.08,2.088,2.088,2.06,2.062,2.064,2.061,2.066,2.05,2.12,2.112,2.105,2.098,2.089,2.08,2.105,2.114,2.102,2.12,2.087,2.106,2.013,2.013,1.975,1.925,1.914,1.92,2.017,1.995,1.966,1.951,1.961,1.977
,18:59:10,30,2.114,2.104,2.104,2.112,2.107,2.095,2.131,2.121,2.121,2.119,2.127,2.123,2.042,2.034,2.042,1.975,1.979,2.012,2.029,2.034,2.034,1.987,2,2.003,2.026,2.037,2.034,2.062,2.039,2.039,2.045,2.035,2.037,2.032,2.033,2.027,1.878,1.865,1.887,1.86,1.876,1.879,1.771,1.777,1.788,1.74,1.737,1.744,0.123,0.124,0.123,0.125,0.125,0.126,0.125,0.123,0.123,0.126,0.125,0.125,2.078,2.073,2.092,2.079,2.087,2.088,2.058,2.06,2.064,2.062,2.067,2.05,2.124,2.116,2.109,2.1,2.09,2.08,2.108,2.116,2.104,2.124,2.096,2.107,2.014,2.013,1.976,1.924,1.912,1.921,2.017,1.994,1.966,1.948,1.959,1.975
,19:29:10,30,2.114,2.103,2.104,2.111,2.107,2.094,2.131,2.121,2.12,2.118,2.126,2.122,2.041,2.033,2.041,1.981,1.991,2.022,2.028,2.034,2.033,2.005,2.011,2.006,2.024,2.037,2.035,2.061,2.038,2.038,2.044,2.034,2.035,2.031,2.031,2.026,1.903,1.893,1.912,1.884,1.898,1.902,1.802,1.806,1.817,1.77,1.766,1.774,0.123,0.123,0.123,0.125,0.128,0.127,0.125,0.123,0.123,0.126,0.125,0.125,2.077,2.073,2.091,2.079,2.087,2.086,2.058,2.06,2.063,2.059,2.067,2.049,2.126,2.118,2.111,2.1,2.09,2.082,2.109,2.117,2.107,2.127,2.096,2.11,2.013,2.012,1.976,1.922,1.913,1.92,2.017,1.994,1.966,1.947,1.959,1.975
,19:59:10,30.1,2.114,2.104,2.103,2.11,2.107,2.095,2.131,2.121,2.121,2.118,2.126,2.119,2.041,2.031,2.04,1.986,1.999,2.027,2.027,2.033,2.032,2.008,2.009,2.01,2.023,2.036,2.035,2.06,2.035,2.038,2.042,2.034,2.034,2.031,2.032,2.024,1.923,1.917,1.935,1.903,1.917,1.924,1.829,1.835,1.845,1.801,1.796,1.806,0.123,0.123,0.123,0.125,0.126,0.126,0.125,0.123,0.123,0.125,0.124,0.125,2.076,2.071,2.09,2.079,2.086,2.085,2.057,2.059,2.064,2.057,2.067,2.048,2.126,2.119,2.112,2.099,2.09,2.082,2.109,2.117,2.108,2.126,2.1,2.109,2.01,2.011,1.976,1.921,1.913,1.92,2.017,1.992,1.965,1.948,1.956,1.971
,20:29:10,30.1,2.114,2.103,2.103,2.11,2.107,2.094,2.131,2.12,2.12,2.118,2.123,2.122,2.04,2.03,2.039,1.99,2.003,2.03,2.026,2.032,2.03,2.007,2.014,2.009,2.021,2.036,2.034,2.058,2.034,2.038,2.04,2.033,2.034,2.03,2.032,2.023,1.941,1.939,1.955,1.922,1.936,1.936,1.855,1.861,1.874,1.832,1.822,1.835,0.123,0.123,0.123,0.125,0.127,0.125,0.125,0.122,0.123,0.13,0.125,0.126,2.075,2.07,2.088,2.077,2.083,2.084,2.057,2.059,2.063,2.057,2.065,2.046,2.125,2.119,2.111,2.098,2.09,2.081,2.108,2.116,2.108,2.126,2.096,2.108,2.01,2.01,1.976,1.92,1.913,1.922,2.017,1.992,1.968,1.95,1.958,1.974
,20:59:10,30.1,2.114,2.103,2.103,2.111,2.107,2.095,2.132,2.12,2.12,2.117,2.126,2.119,2.04,2.029,2.038,1.992,2.006,2.031,2.026,2.031,2.03,2.009,2.014,2.01,2.019,2.035,2.034,2.056,2.032,2.037,2.039,2.032,2.033,2.031,2.032,2.025,1.956,1.96,1.97,1.935,1.948,1.951,1.88,1.887,1.901,1.858,1.855,1.868,0.123,0.123,0.123,0.125,0.124,0.126,0.125,0.122,0.122,0.127,0.125,0.125,2.074,2.069,2.087,2.077,2.081,2.082,2.057,2.058,2.063,2.054,2.063,2.044,2.125,2.117,2.111,2.097,2.088,2.079,2.107,2.115,2.107,2.128,2.095,2.107,2.01,2.01,1.976,1.919,1.914,1.923,2.017,1.991,1.967,1.948,1.958,1.974
,21:29:10,30,2.114,2.103,2.103,2.11,2.106,2.094,2.132,2.12,2.119,2.117,2.125,2.119,2.039,2.029,2.038,1.992,2.007,2.032,2.026,2.031,2.03,2.008,2.01,2.008,2.018,2.035,2.034,2.055,2.03,2.037,2.038,2.032,2.032,2.03,2.031,2.022,1.97,1.973,1.981,1.947,1.958,1.961,1.906,1.912,1.925,1.885,1.878,1.892,0.123,0.123,0.124,0.125,0.125,0.124,0.124,0.122,0.122,0.133,0.124,0.127,2.074,2.068,2.087,2.076,2.08,2.082,2.057,2.056,2.062,2.055,2.061,2.043,2.123,2.116,2.109,2.095,2.087,2.078,2.106,2.114,2.105,2.126,2.098,2.107,2.01,2.01,1.976,1.918,1.914,1.925,2.016,1.99,1.967,1.948,1.956,1.97
,21:59:10,30,2.114,2.103,2.104,2.109,2.107,2.095,2.132,2.12,2.119,2.117,2.124,2.122,2.039,2.028,2.037,1.993,2.008,2.032,2.025,2.03,2.029,2.007,2.013,2.007,2.017,2.035,2.032,2.053,2.028,2.036,2.037,2.032,2.032,2.031,2.029,2.024,1.98,1.982,1.992,1.953,1.964,1.967,1.929,1.935,1.946,1.908,1.906,1.923,0.123,0.123,0.124,0.125,0.124,0.125,0.125,0.122,0.122,0.125,0.124,0.124,2.073,2.067,2.086,2.076,2.078,2.082,2.057,2.056,2.062,2.054,2.061,2.043,2.122,2.115,2.108,2.094,2.086,2.077,2.106,2.113,2.104,2.125,2.096,2.107,2.01,2.01,1.977,1.917,1.914,1.924,2.017,1.991,1.968,1.948,1.957,1.968
,22:29:10,30,2.114,2.103,2.103,2.109,2.106,2.095,2.132,2.12,2.118,2.117,2.123,2.119,2.038,2.027,2.037,1.994,2.008,2.032,2.024,2.029,2.029,2.006,2.008,2.009,2.016,2.035,2.033,2.051,2.027,2.034,2.037,2.032,2.031,2.03,2.029,2.022,1.991,1.986,1.997,1.957,1.967,1.971,1.95,1.954,1.965,1.931,1.929,1.942,0.123,0.123,0.123,0.126,0.129,0.126,0.124,0.122,0.122,0.129,0.125,0.124,2.072,2.066,2.085,2.075,2.076,2.08,2.057,2.055,2.061,2.052,2.059,2.042,2.121,2.114,2.107,2.093,2.086,2.076,2.106,2.113,2.104,2.123,2.094,2.108,2.011,2.009,1.977,1.918,1.915,1.925,2.018,1.991,1.968,1.951,1.956,1.969
,22:59:10,30.1,2.114,2.103,2.103,2.11,2.106,2.095,2.133,2.121,2.118,2.117,2.122,2.121,2.039,2.027,2.037,1.993,2.008,2.031,2.025,2.03,2.027,2.005,2.012,2.01,2.015,2.033,2.031,2.049,2.025,2.033,2.037,2.032,2.031,2.028,2.029,2.022,1.996,1.987,2,1.959,1.969,1.975,1.966,1.971,1.982,1.949,1.948,1.961,0.123,0.122,0.123,0.125,0.127,0.132,0.124,0.122,0.122,0.126,0.124,0.124,2.072,2.066,2.085,2.074,2.076,2.079,2.058,2.055,2.062,2.052,2.06,2.041,2.12,2.112,2.107,2.092,2.085,2.075,2.104,2.112,2.103,2.125,2.089,2.105,2.011,2.01,1.978,1.917,1.915,1.923,2.016,1.992,1.968,1.948,1.958,1.97
,23:29:10,30.1,2.114,2.103,2.103,2.109,2.106,2.094,2.133,2.12,2.118,2.116,2.121,2.122,2.038,2.027,2.036,1.993,2.008,2.03,2.025,2.029,2.028,2.006,2.012,2.01,2.014,2.033,2.03,2.047,2.023,2.032,2.036,2.032,2.031,2.028,2.029,2.02,1.997,1.988,2.001,1.96,1.969,1.975,1.982,1.984,1.995,1.969,1.966,1.979,0.122,0.122,0.123,0.125,0.13,0.129,0.124,0.122,0.122,0.127,0.124,0.123,2.071,2.065,2.084,2.073,2.075,2.078,2.057,2.056,2.062,2.048,2.057,2.04,2.12,2.112,2.106,2.091,2.084,2.075,2.105,2.112,2.102,2.122,2.089,2.105,2.011,2.009,1.978,1.918,1.915,1.924,2.016,1.991,1.968,1.95,1.956,1.973
,23:59:10,30,2.114,2.102,2.103,2.108,2.106,2.095,2.133,2.12,2.118,2.115,2.123,2.117,2.038,2.026,2.036,1.994,2.008,2.03,2.025,2.028,2.027,2.005,2.012,2.009,2.013,2.033,2.029,2.046,2.021,2.03,2.037,2.031,2.031,2.027,2.026,2.021,1.997,1.987,2,1.96,1.97,1.976,1.991,1.994,2.004,1.984,1.984,1.992,0.122,0.122,0.123,0.125,0.129,0.132,0.124,0.122,0.122,0.133,0.124,0.123,2.071,2.065,2.084,2.072,2.074,2.077,2.056,2.055,2.062,2.047,2.055,2.04,2.119,2.112,2.106,2.09,2.084,2.074,2.104,2.114,2.102,2.122,2.088,2.105,2.011,2.009,1.977,1.919,1.917,1.923,2.016,1.992,1.966,1.949,1.958,1.973
,24:29:10,30,2.114,2.103,2.103,2.108,2.106,2.094,2.133,2.121,2.118,2.116,2.122,2.118,2.038,2.026,2.036,1.993,2.008,2.029,2.025,2.028,2.026,2.003,2.008,2.009,2.013,2.033,2.028,2.044,2.019,2.029,2.037,2.032,2.03,2.027,2.027,2.021,1.996,1.987,1.998,1.961,1.97,1.976,1.998,2.001,2.011,1.994,1.99,2.002,0.123,0.122,0.123,0.125,0.126,0.126,0.123,0.122,0.122,0.131,0.124,0.127,2.07,2.066,2.083,2.072,2.073,2.077,2.056,2.054,2.062,2.046,2.056,2.04,2.118,2.111,2.105,2.09,2.083,2.073,2.104,2.113,2.101,2.122,2.087,2.103,2.011,2.01,1.978,1.919,1.917,1.923,2.015,1.993,1.968,1.949,1.958,1.973
,,,,,,,,,,,,,,,,,,,,,,,,,,,,,,,,,,,,,,,,,,,,,,,,,,,,,,,,,,,,,,,,,,,,,,,,,,,,,,,,,,,,,,,,,,,,,,,,,,
Results,,,,,,,,,,,,,,,,,,,,,,,,,,,,,,,,,,,,,,,,,,,,,,,,,,,,,,,,,,,,,,,,,,,,,,,,,,,,,,,,,,,,,,,,,,,,,,,,,,
,,,,,,,,,,,,,,,,,,,,,,,,,,,,,,,,,,,,,,,,,,,,,,,,,,,,,,,,,,,,,,,,,,,,,,,,,,,,,,,,,,,,,,,,,,,,,,,,,,
,,1,2,3,4,5,6,7,8,9,10,11,12,,,,,,,,,,,,,,,,,,,,,,,,,,,,,,,,,,,,,,,,,,,,,,,,,,,,,,,,,,,,,,,,,,,,,,,,,,,,,,,,,,,,,
,A,0.03,0.024,0.017,0.011,0.003,0.004,0.006,0.006,0.006,0.003,0.003,0.004,Blank Read 1:600,,,,,,,,,,,,,,,,,,,,,,,,,,,,,,,,,,,,,,,,,,,,,,,,,,,,,,,,,,,,,,,,,,,,,,,,,,,,,,,,,,,,
,B,0.014,0.009,0.001,0.013,0.004,0.008,0.004,0.007,0.002,0.004,0.007,0.002,Blank Read 1:600,,,,,,,,,,,,,,,,,,,,,,,,,,,,,,,,,,,,,,,,,,,,,,,,,,,,,,,,,,,,,,,,,,,,,,,,,,,,,,,,,,,,
,C,0.023,0.006,0.005,0.006,0.006,0.001,0.002,0.002,0.01,0.005,0.008,0.011,Blank Read 1:600,,,,,,,,,,,,,,,,,,,,,,,,,,,,,,,,,,,,,,,,,,,,,,,,,,,,,,,,,,,,,,,,,,,,,,,,,,,,,,,,,,,,
,D,0,0.004,0.001,0.004,0.011,0.007,-0.001,0.006,0.002,0.002,0.011,0.007,Blank Read 1:600,,,,,,,,,,,,,,,,,,,,,,,,,,,,,,,,,,,,,,,,,,,,,,,,,,,,,,,,,,,,,,,,,,,,,,,,,,,,,,,,,,,,
,E,0.01,0.011,-0.003,-0.003,0.002,0.004,0.001,-0.004,-0.006,-0.003,-0.006,-0.004,Blank Read 1:600,,,,,,,,,,,,,,,,,,,,,,,,,,,,,,,,,,,,,,,,,,,,,,,,,,,,,,,,,,,,,,,,,,,,,,,,,,,,,,,,,,,,
,F,0.006,0.017,0.008,0.017,0.008,0.017,0.008,0.004,0.01,0.021,0.02,0.024,Blank Read 1:600,,,,,,,,,,,,,,,,,,,,,,,,,,,,,,,,,,,,,,,,,,,,,,,,,,,,,,,,,,,,,,,,,,,,,,,,,,,,,,,,,,,,
,G,0.032,0.019,0.004,0.023,0.022,0.021,0.01,0.005,0.001,0.022,0.025,0.021,Blank Read 1:600,,,,,,,,,,,,,,,,,,,,,,,,,,,,,,,,,,,,,,,,,,,,,,,,,,,,,,,,,,,,,,,,,,,,,,,,,,,,,,,,,,,,
,H,0.045,0.051,0.038,0.04,0.044,0.036,0.016,0.007,0.019,0.024,0.024,0.023,Blank Read 1:600,,,,,,,,,,,,,,,,,,,,,,,,,,,,,,,,,,,,,,,,,,,,,,,,,,,,,,,,,,,,,,,,,,,,,,,,,,,,,,,,,,,,
,,,,,,,,,,,,,,,,,,,,,,,,,,,,,,,,,,,,,,,,,,,,,,,,,,,,,,,,,,,,,,,,,,,,,,,,,,,,,,,,,,,,,,,,,,,,,,,,,,
Blank Read 2:600,,,,,,,,,,,,,,,,,,,,,,,,,,,,,,,,,,,,,,,,,,,,,,,,,,,,,,,,,,,,,,,,,,,,,,,,,,,,,,,,,,,,,,,,,,,,,,,,,,
,,,,,,,,,,,,,,,,,,,,,,,,,,,,,,,,,,,,,,,,,,,,,,,,,,,,,,,,,,,,,,,,,,,,,,,,,,,,,,,,,,,,,,,,,,,,,,,,,,
,Time,A1,A2,A3,A4,A5,A6,A7,A8,A9,A10,A11,A12,B1,B2,B3,B4,B5,B6,B7,B8,B9,B10,B11,B12,C1,C2,C3,C4,C5,C6,C7,C8,C9,C10,C11,C12,D1,D2,D3,D4,D5,D6,D7,D8,D9,D10,D11,D12,E1,E2,E3,E4,E5,E6,E7,E8,E9,E10,E11,E12,F1,F2,F3,F4,F5,F6,F7,F8,F9,F10,F11,F12,G1,G2,G3,G4,G5,G6,G7,G8,G9,G10,G11,G12,H1,H2,H3,H4,H5,H6,H7,H8,H9,H10,H11,H12,
,0:29:10,0.019,0.012,0.009,0.014,0.011,0.012,0.013,0.01,0.013,0.011,0.014,0.012,0.012,0.011,0.01,0.01,0.009,0.009,0.013,0.013,0.012,0.008,0.013,0.006,0.013,0.015,0.012,0.012,0.012,0.01,0.011,0.007,0.014,0.008,0.007,0.009,0.01,0.013,0.012,0.008,0.014,0.012,0.004,0.01,0.009,0.004,0.005,0.001,0,0.001,-0.002,0,0.007,0.003,0.002,-0.002,-0.003,-0.002,-0.003,-0.001,0.012,0.01,0.009,0.011,0.013,0.011,0.011,0.01,0.009,0.01,0.008,0.016,0.012,0.005,0.01,0.008,0.012,0.01,0.012,0.009,0.007,0.012,0.009,0.011,0.013,0.022,0.006,0.008,0.012,0.012,0.011,0.016,0.012,0.009,0.009,0.009,
,0:59:10,0.041,0.029,0.029,0.04,0.033,0.029,0.027,0.024,0.026,0.031,0.033,0.03,0.031,0.025,0.028,0.026,0.022,0.024,0.039,0.03,0.036,0.02,0.028,0.019,0.028,0.035,0.031,0.032,0.026,0.025,0.03,0.022,0.031,0.019,0.018,0.019,0.031,0.031,0.034,0.018,0.024,0.021,0.011,0.02,0.02,0.009,0.01,0.007,-0.001,0.001,-0.002,0.001,0.005,0.004,0.001,-0.001,-0.002,-0.002,-0.002,-0.001,0.028,0.028,0.029,0.026,0.029,0.022,0.025,0.026,0.026,0.018,0.015,0.025,0.022,0.017,0.023,0.02,0.025,0.021,0.026,0.024,0.019,0.02,0.015,0.019,0.024,0.031,0.014,0.015,0.017,0.018,0.024,0.027,0.021,0.016,0.018,0.019,
,1:29:10,0.068,0.054,0.055,0.069,0.061,0.053,0.046,0.042,0.043,0.05,0.053,0.049,0.061,0.047,0.054,0.054,0.046,0.049,0.07,0.06,0.065,0.042,0.056,0.042,0.056,0.066,0.064,0.066,0.052,0.049,0.057,0.046,0.052,0.037,0.037,0.038,0.061,0.055,0.062,0.033,0.041,0.037,0.023,0.035,0.033,0.016,0.018,0.015,-0.001,0.001,-0.002,0,0.006,0.003,0.002,-0.001,-0.002,-0.001,-0.002,-0.002,0.054,0.055,0.06,0.048,0.056,0.042,0.05,0.053,0.052,0.033,0.029,0.04,0.039,0.035,0.042,0.037,0.043,0.037,0.047,0.037,0.036,0.033,0.027,0.032,0.035,0.04,0.023,0.023,0.023,0.025,0.036,0.038,0.03,0.025,0.027,0.027,
,1:59:10,0.093,0.079,0.079,0.094,0.086,0.076,0.062,0.058,0.059,0.066,0.071,0.066,0.091,0.072,0.077,0.083,0.075,0.075,0.093,0.086,0.088,0.068,0.083,0.071,0.093,0.095,0.095,0.1,0.086,0.078,0.079,0.071,0.078,0.06,0.061,0.061,0.085,0.077,0.083,0.053,0.061,0.056,0.034,0.048,0.043,0.025,0.027,0.025,-0.002,0,-0.002,-0.001,0.004,0.005,0.001,-0.001,-0.002,0,-0.002,-0.001,0.082,0.079,0.086,0.07,0.081,0.064,0.074,0.079,0.077,0.051,0.046,0.061,0.052,0.05,0.057,0.05,0.057,0.049,0.063,0.053,0.051,0.049,0.039,0.046,0.045,0.049,0.031,0.029,0.03,0.032,0.046,0.047,0.038,0.033,0.036,0.036,
,2:29:10,0.122,0.106,0.107,0.125,0.113,0.1,0.08,0.076,0.077,0.084,0.09,0.085,0.123,0.099,0.103,0.111,0.105,0.101,0.121,0.115,0.119,0.095,0.111,0.098,0.128,0.125,0.124,0.133,0.119,0.107,0.107,0.098,0.104,0.087,0.088,0.087,0.106,0.096,0.102,0.074,0.083,0.076,0.046,0.06,0.056,0.035,0.037,0.036,-0.002,0,-0.002,0,0.004,0.003,0.001,-0.001,-0.002,0.001,-0.001,-0.001,0.112,0.107,0.115,0.091,0.106,0.089,0.101,0.107,0.107,0.073,0.069,0.086,0.066,0.066,0.071,0.063,0.071,0.062,0.08,0.069,0.066,0.064,0.052,0.06,0.057,0.06,0.041,0.038,0.038,0.039,0.059,0.06,0.047,0.043,0.046,0.046,
,2:59:10,0.158,0.141,0.142,0.16,0.148,0.129,0.104,0.099,0.1,0.108,0.114,0.108,0.161,0.131,0.136,0.142,0.14,0.131,0.156,0.151,0.154,0.126,0.143,0.132,0.169,0.165,0.163,0.173,0.156,0.145,0.14,0.133,0.137,0.117,0.121,0.119,0.129,0.115,0.123,0.097,0.106,0.098,0.06,0.073,0.07,0.048,0.05,0.049,-0.002,0,-0.002,0,0.003,0.002,0.001,-0.001,-0.002,-0.001,0.001,-0.001,0.147,0.142,0.149,0.115,0.134,0.114,0.134,0.142,0.142,0.1,0.095,0.115,0.083,0.084,0.09,0.08,0.088,0.077,0.1,0.089,0.084,0.082,0.067,0.077,0.071,0.073,0.053,0.048,0.048,0.05,0.074,0.074,0.061,0.054,0.059,0.059,
,3:29:10,0.202,0.183,0.184,0.206,0.19,0.167,0.133,0.128,0.13,0.138,0.146,0.138,0.202,0.168,0.175,0.177,0.177,0.164,0.196,0.194,0.198,0.166,0.18,0.17,0.218,0.209,0.21,0.221,0.201,0.188,0.183,0.175,0.178,0.155,0.162,0.157,0.155,0.138,0.147,0.119,0.13,0.12,0.075,0.087,0.086,0.062,0.064,0.063,-0.002,0,-0.002,0,0.004,0.002,0.001,-0.001,-0.002,-0.002,0.001,-0.001,0.191,0.188,0.191,0.145,0.168,0.146,0.174,0.185,0.187,0.132,0.126,0.148,0.103,0.105,0.112,0.1,0.111,0.097,0.125,0.112,0.106,0.103,0.085,0.097,0.09,0.09,0.068,0.061,0.062,0.064,0.094,0.093,0.076,0.069,0.075,0.076,
,3:59:10,0.257,0.234,0.236,0.261,0.241,0.212,0.17,0.163,0.164,0.175,0.184,0.176,0.246,0.209,0.22,0.215,0.218,0.199,0.242,0.243,0.251,0.209,0.224,0.216,0.272,0.264,0.263,0.276,0.253,0.24,0.229,0.223,0.225,0.2,0.208,0.203,0.183,0.163,0.174,0.143,0.156,0.145,0.091,0.103,0.103,0.076,0.079,0.081,-0.002,0,-0.002,0,0.005,0.002,0.001,-0.001,-0.002,-0.001,0.001,-0.001,0.243,0.239,0.242,0.18,0.207,0.181,0.219,0.233,0.234,0.167,0.161,0.183,0.128,0.131,0.139,0.125,0.137,0.121,0.156,0.141,0.133,0.13,0.107,0.12,0.112,0.11,0.086,0.077,0.076,0.081,0.118,0.115,0.096,0.086,0.094,0.095,
,4:29:10,0.323,0.298,0.303,0.327,0.306,0.27,0.215,0.207,0.209,0.221,0.231,0.22,0.296,0.256,0.271,0.257,0.263,0.237,0.295,0.301,0.308,0.257,0.272,0.267,0.34,0.325,0.326,0.339,0.313,0.302,0.281,0.278,0.283,0.254,0.264,0.253,0.216,0.193,0.205,0.17,0.184,0.172,0.111,0.122,0.123,0.094,0.097,0.1,-0.002,-0.001,-0.002,0,0.005,0.003,0.001,-0.001,-0.002,-0.002,0.002,-0.001,0.304,0.3,0.301,0.222,0.251,0.223,0.272,0.292,0.294,0.21,0.203,0.226,0.158,0.164,0.173,0.157,0.17,0.15,0.193,0.176,0.166,0.162,0.134,0.151,0.138,0.135,0.107,0.096,0.095,0.101,0.146,0.142,0.119,0.108,0.117,0.119,
,4:59:10,0.402,0.375,0.382,0.402,0.385,0.34,0.27,0.262,0.265,0.278,0.291,0.276,0.354,0.309,0.329,0.302,0.311,0.28,0.358,0.371,0.376,0.31,0.326,0.324,0.415,0.395,0.398,0.411,0.38,0.374,0.338,0.343,0.345,0.318,0.328,0.31,0.253,0.226,0.238,0.202,0.216,0.204,0.133,0.143,0.146,0.113,0.119,0.12,-0.001,0,-0.001,0,0.003,0.003,0.001,-0.001,-0.001,-0.001,-0.002,0,0.38,0.372,0.372,0.272,0.306,0.275,0.336,0.363,0.362,0.259,0.251,0.279,0.196,0.204,0.215,0.196,0.211,0.186,0.241,0.22,0.207,0.202,0.168,0.187,0.171,0.166,0.135,0.12,0.118,0.126,0.181,0.175,0.15,0.133,0.145,0.149,
,5:29:10,0.494,0.462,0.473,0.481,0.475,0.423,0.339,0.329,0.333,0.343,0.359,0.344,0.418,0.368,0.396,0.353,0.365,0.326,0.431,0.448,0.452,0.367,0.386,0.385,0.5,0.471,0.474,0.486,0.454,0.451,0.397,0.413,0.416,0.392,0.399,0.377,0.291,0.262,0.277,0.235,0.252,0.239,0.158,0.166,0.169,0.136,0.142,0.143,-0.002,-0.001,-0.001,0,0.003,0.002,0.001,-0.001,-0.002,0.003,-0.002,-0.001,0.462,0.452,0.444,0.325,0.363,0.331,0.402,0.438,0.435,0.314,0.303,0.335,0.241,0.254,0.264,0.243,0.26,0.229,0.294,0.273,0.254,0.249,0.208,0.231,0.208,0.201,0.166,0.147,0.146,0.153,0.223,0.215,0.184,0.164,0.179,0.183,
,5:59:10,0.598,0.566,0.575,0.567,0.581,0.521,0.421,0.409,0.412,0.42,0.439,0.42,0.493,0.437,0.472,0.409,0.423,0.376,0.516,0.539,0.547,0.428,0.451,0.451,0.595,0.556,0.562,0.571,0.535,0.536,0.461,0.49,0.493,0.475,0.481,0.45,0.336,0.3,0.316,0.274,0.293,0.277,0.186,0.189,0.196,0.16,0.167,0.169,-0.001,0,-0.001,0,0.003,0.002,0.001,-0.001,-0.001,-0.001,-0.001,0,0.558,0.543,0.529,0.385,0.432,0.398,0.484,0.532,0.53,0.379,0.366,0.402,0.298,0.316,0.326,0.299,0.32,0.282,0.357,0.336,0.311,0.309,0.256,0.284,0.255,0.244,0.206,0.18,0.178,0.189,0.273,0.262,0.227,0.2,0.218,0.225,
,6:29:10,0.709,0.677,0.688,0.656,0.685,0.629,0.515,0.5,0.503,0.508,0.527,0.508,0.584,0.512,0.561,0.47,0.487,0.439,0.619,0.638,0.656,0.495,0.524,0.522,0.694,0.643,0.652,0.655,0.622,0.627,0.534,0.574,0.58,0.566,0.57,0.531,0.382,0.343,0.359,0.318,0.338,0.321,0.215,0.216,0.223,0.187,0.195,0.196,-0.001,-0.001,-0.001,0,0.003,0.003,0.001,-0.001,-0.001,-0.001,-0.001,0,0.658,0.638,0.613,0.451,0.498,0.471,0.565,0.62,0.62,0.45,0.435,0.477,0.362,0.385,0.395,0.366,0.387,0.342,0.427,0.407,0.373,0.376,0.31,0.346,0.305,0.296,0.249,0.219,0.217,0.227,0.333,0.32,0.276,0.244,0.266,0.275,
,6:59:10,0.831,0.795,0.81,0.753,0.806,0.743,0.619,0.6,0.607,0.599,0.623,0.602,0.69,0.605,0.668,0.536,0.558,0.502,0.741,0.755,0.781,0.574,0.601,0.599,0.802,0.742,0.748,0.754,0.717,0.729,0.618,0.667,0.674,0.667,0.669,0.618,0.43,0.388,0.402,0.367,0.388,0.369,0.246,0.243,0.251,0.217,0.226,0.226,-0.001,0,-0.001,0,0.003,0.003,0.001,-0.001,-0.001,-0.001,-0.002,0,0.775,0.746,0.723,0.524,0.582,0.556,0.674,0.737,0.743,0.532,0.513,0.559,0.442,0.469,0.474,0.446,0.465,0.413,0.505,0.488,0.441,0.457,0.376,0.417,0.367,0.357,0.303,0.267,0.265,0.271,0.404,0.387,0.335,0.298,0.323,0.337,
,7:29:10,0.957,0.924,0.936,0.856,0.929,0.87,0.736,0.712,0.719,0.696,0.727,0.71,0.816,0.715,0.791,0.61,0.636,0.573,0.871,0.886,0.92,0.654,0.687,0.687,0.92,0.856,0.858,0.871,0.816,0.837,0.721,0.774,0.784,0.774,0.774,0.715,0.485,0.437,0.449,0.417,0.442,0.421,0.279,0.272,0.281,0.248,0.259,0.257,-0.001,0,-0.001,0,0.003,0.001,0.001,-0.001,-0.001,0,-0.002,0,0.893,0.859,0.842,0.6,0.657,0.645,0.788,0.859,0.88,0.617,0.597,0.648,0.527,0.557,0.559,0.535,0.551,0.49,0.587,0.575,0.512,0.548,0.444,0.493,0.445,0.429,0.369,0.326,0.32,0.329,0.486,0.464,0.403,0.359,0.388,0.409,
,7:59:10,1.087,1.051,1.066,0.967,1.046,0.987,0.856,0.828,0.838,0.801,0.837,0.821,0.954,0.828,0.925,0.7,0.728,0.66,1.017,1.006,1.045,0.747,0.785,0.785,1.035,0.975,0.979,0.998,0.939,0.953,0.84,0.896,0.908,0.891,0.89,0.822,0.54,0.487,0.5,0.476,0.501,0.474,0.315,0.303,0.311,0.281,0.293,0.289,-0.001,-0.001,-0.001,0,0.003,0.001,0.002,-0.001,-0.001,0.001,-0.001,0,1.013,0.977,0.965,0.679,0.732,0.737,0.915,0.996,1.028,0.712,0.69,0.743,0.616,0.653,0.647,0.634,0.643,0.576,0.67,0.665,0.589,0.646,0.522,0.579,0.52,0.51,0.441,0.394,0.387,0.394,0.579,0.552,0.481,0.433,0.466,0.488,
,8:29:10,1.222,1.178,1.192,1.095,1.177,1.116,0.981,0.947,0.961,0.908,0.952,0.934,1.087,0.969,1.056,0.796,0.821,0.753,1.138,1.117,1.147,0.847,0.886,0.881,1.155,1.115,1.119,1.132,1.073,1.084,0.99,1.039,1.049,1.01,1.015,0.954,0.596,0.539,0.549,0.534,0.564,0.535,0.351,0.334,0.343,0.319,0.331,0.326,-0.002,-0.001,-0.001,0,0.003,0.003,0.001,-0.002,-0.001,0.001,0,0,1.153,1.12,1.123,0.766,0.825,0.838,1.08,1.147,1.178,0.813,0.791,0.841,0.722,0.759,0.741,0.744,0.743,0.664,0.76,0.76,0.664,0.752,0.606,0.67,0.612,0.603,0.52,0.47,0.464,0.472,0.681,0.648,0.567,0.517,0.553,0.581,
,8:59:10,1.354,1.308,1.323,1.259,1.31,1.246,1.109,1.077,1.092,1.024,1.074,1.054,1.187,1.1,1.162,0.909,0.93,0.869,1.242,1.209,1.234,0.95,0.988,0.985,1.255,1.245,1.241,1.256,1.193,1.208,1.141,1.18,1.187,1.131,1.146,1.081,0.649,0.585,0.603,0.604,0.636,0.604,0.392,0.366,0.379,0.358,0.37,0.363,-0.002,-0.001,-0.001,-0.001,0.003,0.001,0.001,-0.001,-0.001,0.001,0,0.001,1.275,1.256,1.275,0.858,0.907,0.939,1.236,1.276,1.294,0.914,0.895,0.945,0.827,0.869,0.841,0.852,0.839,0.761,0.85,0.858,0.748,0.866,0.695,0.768,0.712,0.701,0.612,0.559,0.548,0.56,0.79,0.75,0.662,0.609,0.65,0.686,
,9:29:10,1.474,1.427,1.438,1.429,1.439,1.371,1.239,1.21,1.221,1.146,1.205,1.182,1.269,1.21,1.252,1.02,1.034,0.98,1.323,1.292,1.313,1.049,1.082,1.083,1.343,1.342,1.335,1.344,1.289,1.309,1.279,1.295,1.294,1.243,1.255,1.217,0.708,0.64,0.66,0.673,0.707,0.675,0.435,0.401,0.416,0.4,0.413,0.406,-0.001,0,-0.001,0,0.003,0.002,0.002,-0.001,-0.001,0,-0.001,0,1.381,1.374,1.402,0.96,1.018,1.052,1.358,1.38,1.388,1.025,1.003,1.054,0.939,0.986,0.942,0.969,0.942,0.858,0.949,0.965,0.837,0.984,0.79,0.87,0.811,0.807,0.709,0.657,0.649,0.653,0.903,0.86,0.76,0.713,0.754,0.797,
,9:59:10,1.574,1.533,1.541,1.57,1.549,1.484,1.364,1.336,1.348,1.277,1.342,1.314,1.339,1.297,1.33,1.121,1.131,1.09,1.395,1.364,1.386,1.137,1.174,1.166,1.417,1.424,1.409,1.416,1.368,1.393,1.391,1.382,1.378,1.342,1.346,1.326,0.775,0.698,0.721,0.746,0.782,0.747,0.479,0.439,0.454,0.446,0.456,0.448,-0.001,0,-0.001,0,0.003,0.001,0.001,-0.001,-0.001,0.001,0,0,1.467,1.466,1.495,1.069,1.128,1.161,1.451,1.464,1.467,1.136,1.114,1.162,1.058,1.107,1.051,1.083,1.043,0.96,1.046,1.071,0.926,1.102,0.895,0.976,0.913,0.918,0.81,0.764,0.748,0.756,1.017,0.97,0.864,0.822,0.863,0.904,
,10:29:10,1.657,1.623,1.628,1.66,1.639,1.579,1.486,1.459,1.467,1.41,1.476,1.442,1.406,1.37,1.396,1.211,1.216,1.193,1.461,1.431,1.452,1.215,1.249,1.238,1.48,1.491,1.474,1.479,1.434,1.463,1.474,1.456,1.451,1.424,1.421,1.408,0.847,0.766,0.795,0.816,0.854,0.817,0.525,0.48,0.498,0.494,0.507,0.493,-0.002,-0.001,-0.002,-0.001,0.002,0.001,0.001,-0.002,-0.001,0.008,-0.002,-0.001,1.541,1.541,1.573,1.191,1.256,1.269,1.529,1.536,1.535,1.247,1.226,1.277,1.175,1.229,1.164,1.202,1.158,1.069,1.156,1.189,1.029,1.221,1,1.085,1.03,1.03,0.92,0.87,0.853,0.863,1.13,1.086,0.97,0.933,0.975,1.021,
,10:59:10,1.727,1.697,1.7,1.732,1.715,1.66,1.598,1.571,1.575,1.542,1.593,1.565,1.465,1.436,1.456,1.282,1.281,1.27,1.522,1.493,1.515,1.284,1.317,1.306,1.54,1.551,1.531,1.536,1.496,1.524,1.542,1.519,1.514,1.494,1.489,1.475,0.926,0.845,0.877,0.889,0.93,0.891,0.578,0.524,0.543,0.545,0.559,0.544,-0.002,-0.001,-0.002,-0.001,0.002,0.002,0.001,-0.002,-0.002,0.005,0,-0.001,1.607,1.607,1.639,1.318,1.39,1.374,1.596,1.601,1.599,1.355,1.331,1.391,1.296,1.353,1.293,1.321,1.279,1.186,1.278,1.316,1.149,1.341,1.113,1.204,1.137,1.143,1.033,0.983,0.961,0.973,1.241,1.19,1.081,1.04,1.086,1.13,
,11:29:10,1.786,1.759,1.761,1.79,1.777,1.731,1.696,1.672,1.669,1.655,1.686,1.668,1.521,1.495,1.513,1.345,1.345,1.34,1.576,1.55,1.573,1.35,1.374,1.371,1.596,1.602,1.584,1.588,1.552,1.579,1.601,1.574,1.571,1.555,1.55,1.536,1.008,0.922,0.969,0.971,1.008,0.974,0.638,0.574,0.604,0.601,0.616,0.599,-0.002,-0.002,-0.002,-0.001,0.002,0.001,0.001,-0.002,-0.001,0.006,0,-0.001,1.666,1.667,1.699,1.44,1.524,1.476,1.653,1.658,1.656,1.457,1.435,1.486,1.42,1.471,1.421,1.433,1.397,1.304,1.417,1.447,1.292,1.454,1.236,1.327,1.245,1.254,1.146,1.091,1.07,1.08,1.348,1.303,1.188,1.153,1.194,1.242,
,11:59:10,1.838,1.812,1.814,1.839,1.833,1.792,1.775,1.754,1.747,1.741,1.762,1.745,1.578,1.552,1.564,1.405,1.401,1.403,1.629,1.606,1.629,1.413,1.434,1.428,1.646,1.654,1.631,1.638,1.602,1.627,1.653,1.626,1.623,1.612,1.606,1.593,1.106,1.026,1.068,1.044,1.083,1.048,0.699,0.633,0.671,0.662,0.682,0.664,-0.001,-0.001,-0.001,0,0.002,0.001,0.001,-0.001,-0.001,-0.001,0.001,0,1.72,1.722,1.75,1.548,1.618,1.565,1.706,1.712,1.71,1.54,1.531,1.563,1.533,1.582,1.546,1.546,1.526,1.43,1.565,1.571,1.452,1.56,1.363,1.459,1.348,1.362,1.259,1.199,1.176,1.187,1.451,1.403,1.3,1.261,1.299,1.348,
,12:29:10,1.882,1.856,1.857,1.88,1.879,1.842,1.841,1.82,1.812,1.807,1.824,1.811,1.63,1.602,1.613,1.46,1.453,1.46,1.678,1.656,1.681,1.465,1.491,1.482,1.691,1.701,1.677,1.684,1.644,1.671,1.697,1.672,1.671,1.663,1.656,1.646,1.213,1.145,1.172,1.116,1.156,1.12,0.771,0.699,0.746,0.733,0.754,0.739,-0.002,-0.002,-0.002,-0.001,0.001,0.002,0.001,-0.001,-0.001,0.007,-0.001,-0.001,1.769,1.769,1.795,1.627,1.684,1.639,1.751,1.756,1.756,1.61,1.607,1.629,1.637,1.675,1.652,1.642,1.632,1.55,1.674,1.676,1.6,1.653,1.49,1.586,1.446,1.463,1.361,1.301,1.284,1.282,1.538,1.497,1.401,1.361,1.402,1.439,
,12:59:10,1.919,1.896,1.896,1.914,1.916,1.885,1.895,1.875,1.868,1.86,1.876,1.866,1.678,1.652,1.658,1.509,1.501,1.513,1.721,1.704,1.728,1.519,1.544,1.535,1.734,1.743,1.72,1.729,1.687,1.713,1.74,1.714,1.715,1.708,1.704,1.694,1.288,1.244,1.27,1.194,1.234,1.2,0.854,0.777,0.834,0.81,0.835,0.813,-0.002,-0.002,-0.002,0,0.002,0.001,0.001,-0.001,-0.001,0.005,0,-0.001,1.812,1.81,1.837,1.691,1.74,1.703,1.794,1.797,1.796,1.673,1.67,1.687,1.727,1.75,1.731,1.723,1.724,1.661,1.746,1.75,1.703,1.732,1.606,1.691,1.541,1.551,1.457,1.398,1.38,1.378,1.62,1.581,1.495,1.455,1.492,1.528,
,13:29:10,1.947,1.926,1.928,1.942,1.943,1.92,1.937,1.92,1.912,1.906,1.921,1.91,1.723,1.696,1.699,1.555,1.546,1.56,1.762,1.751,1.772,1.569,1.591,1.577,1.777,1.785,1.762,1.77,1.725,1.748,1.781,1.754,1.759,1.751,1.746,1.74,1.363,1.338,1.339,1.261,1.299,1.269,0.941,0.871,0.933,0.895,0.929,0.903,-0.002,-0.001,-0.002,0,0.002,0.001,0.001,-0.001,-0.001,0.004,0.001,-0.001,1.853,1.847,1.873,1.745,1.785,1.758,1.831,1.835,1.834,1.724,1.726,1.735,1.795,1.804,1.788,1.783,1.783,1.737,1.799,1.805,1.773,1.791,1.696,1.759,1.624,1.628,1.543,1.484,1.469,1.469,1.691,1.654,1.578,1.537,1.574,1.607,
,13:59:10,1.967,1.948,1.951,1.962,1.962,1.944,1.966,1.952,1.945,1.941,1.951,1.948,1.767,1.736,1.739,1.599,1.589,1.604,1.801,1.792,1.808,1.617,1.637,1.626,1.817,1.826,1.804,1.813,1.764,1.785,1.815,1.795,1.8,1.791,1.789,1.782,1.417,1.396,1.399,1.333,1.366,1.34,1.049,0.979,1.042,0.989,1.027,1.004,-0.002,-0.002,-0.002,-0.001,0.001,0.001,0.001,-0.002,-0.001,0.005,0.001,-0.001,1.889,1.88,1.906,1.791,1.821,1.803,1.866,1.868,1.867,1.771,1.773,1.776,1.841,1.85,1.83,1.827,1.825,1.789,1.841,1.847,1.821,1.838,1.763,1.809,1.702,1.694,1.622,1.561,1.546,1.548,1.751,1.713,1.653,1.608,1.643,1.673,
,14:29:10,1.98,1.965,1.967,1.976,1.975,1.96,1.986,1.975,1.968,1.967,1.975,1.971,1.805,1.776,1.781,1.638,1.63,1.647,1.837,1.832,1.845,1.661,1.678,1.668,1.853,1.861,1.842,1.852,1.808,1.823,1.852,1.834,1.839,1.829,1.829,1.82,1.464,1.445,1.449,1.393,1.421,1.398,1.151,1.101,1.163,1.085,1.128,1.112,-0.001,-0.001,-0.002,0.001,0.002,0.001,0.001,-0.001,-0.001,0.001,0.001,-0.001,1.917,1.908,1.934,1.83,1.856,1.842,1.896,1.897,1.897,1.809,1.813,1.81,1.878,1.884,1.864,1.861,1.858,1.826,1.872,1.878,1.858,1.875,1.814,1.852,1.751,1.748,1.686,1.629,1.617,1.619,1.8,1.764,1.712,1.671,1.704,1.732,
,14:59:10,1.988,1.975,1.976,1.984,1.982,1.967,1.998,1.987,1.981,1.983,1.989,1.986,1.843,1.814,1.821,1.674,1.667,1.684,1.868,1.864,1.872,1.702,1.717,1.71,1.88,1.883,1.872,1.884,1.845,1.856,1.88,1.867,1.869,1.861,1.86,1.857,1.509,1.485,1.494,1.45,1.475,1.457,1.265,1.226,1.274,1.182,1.22,1.211,-0.001,-0.001,-0.002,0,0.002,0.001,0.001,-0.001,-0.001,0.001,0.001,-0.001,1.937,1.926,1.952,1.864,1.884,1.876,1.917,1.916,1.917,1.842,1.847,1.84,1.904,1.906,1.89,1.886,1.882,1.856,1.897,1.905,1.885,1.905,1.849,1.881,1.8,1.794,1.743,1.686,1.674,1.68,1.84,1.806,1.76,1.726,1.753,1.775,
,15:29:10,1.991,1.98,1.981,1.988,1.985,1.972,2.004,1.993,1.989,1.991,1.998,1.993,1.872,1.849,1.855,1.712,1.701,1.72,1.889,1.888,1.892,1.732,1.742,1.742,1.896,1.898,1.89,1.907,1.872,1.881,1.9,1.89,1.892,1.883,1.882,1.878,1.548,1.521,1.534,1.496,1.521,1.504,1.352,1.326,1.357,1.264,1.298,1.3,-0.001,-0.001,-0.002,0,0.001,0.001,0.001,-0.001,-0.001,0,0.001,0.001,1.948,1.94,1.963,1.894,1.906,1.902,1.93,1.928,1.93,1.871,1.879,1.865,1.926,1.923,1.909,1.906,1.901,1.879,1.916,1.924,1.905,1.926,1.874,1.905,1.841,1.831,1.787,1.733,1.724,1.73,1.867,1.836,1.798,1.766,1.792,1.817,
,15:59:10,1.991,1.982,1.981,1.99,1.985,1.973,2.005,1.996,1.992,1.996,2.001,1.999,1.896,1.878,1.881,1.743,1.728,1.752,1.901,1.902,1.906,1.761,1.776,1.771,1.904,1.91,1.903,1.923,1.892,1.896,1.915,1.904,1.906,1.897,1.898,1.892,1.583,1.556,1.571,1.538,1.562,1.551,1.416,1.399,1.419,1.337,1.358,1.37,-0.002,-0.002,-0.002,-0.001,0.001,0,0.001,-0.002,-0.001,0.007,0.001,0,1.954,1.947,1.97,1.916,1.925,1.925,1.937,1.935,1.939,1.894,1.902,1.886,1.943,1.938,1.925,1.922,1.915,1.897,1.931,1.939,1.922,1.941,1.893,1.922,1.866,1.858,1.818,1.766,1.759,1.764,1.882,1.855,1.823,1.796,1.818,1.837,
,16:29:10,1.99,1.984,1.982,1.991,1.985,1.973,2.006,1.998,1.995,1.997,2.004,1.997,1.91,1.899,1.9,1.764,1.757,1.782,1.91,1.912,1.913,1.795,1.807,1.797,1.907,1.915,1.91,1.935,1.904,1.907,1.921,1.912,1.915,1.907,1.905,1.901,1.614,1.589,1.609,1.578,1.602,1.595,1.471,1.457,1.47,1.4,1.409,1.425,-0.001,-0.001,-0.002,0,0.001,0,0.001,-0.001,-0.001,0.003,0.001,0,1.957,1.95,1.973,1.934,1.941,1.942,1.94,1.938,1.941,1.914,1.92,1.903,1.958,1.952,1.939,1.938,1.93,1.914,1.946,1.954,1.937,1.958,1.911,1.94,1.879,1.875,1.837,1.784,1.779,1.785,1.889,1.864,1.834,1.815,1.832,1.845,
,16:59:10,1.99,1.983,1.98,1.99,1.983,1.971,2.006,1.997,1.996,1.996,2.004,2,1.916,1.909,1.912,1.793,1.777,1.811,1.91,1.914,1.915,1.808,1.827,1.822,1.907,1.914,1.911,1.939,1.909,1.913,1.923,1.914,1.917,1.91,1.91,1.904,1.645,1.622,1.641,1.612,1.633,1.629,1.513,1.502,1.515,1.451,1.456,1.472,-0.002,-0.002,-0.002,0,0.003,0.002,0.001,-0.002,-0.001,0.003,0,-0.001,1.958,1.95,1.973,1.945,1.952,1.953,1.94,1.941,1.944,1.924,1.931,1.914,1.97,1.964,1.951,1.951,1.943,1.927,1.957,1.965,1.951,1.97,1.926,1.952,1.886,1.882,1.846,1.793,1.786,1.793,1.892,1.868,1.836,1.822,1.838,1.854,
,17:29:10,1.989,1.982,1.98,1.989,1.983,1.97,2.006,1.997,1.995,1.994,2.005,1.997,1.919,1.913,1.918,1.809,1.796,1.836,1.909,1.915,1.915,1.838,1.843,1.832,1.905,1.914,1.911,1.94,1.912,1.915,1.923,1.914,1.917,1.91,1.909,1.905,1.674,1.653,1.675,1.647,1.667,1.667,1.55,1.544,1.555,1.497,1.5,1.513,-0.002,-0.002,-0.002,0,0.003,0,0,-0.002,-0.001,0.006,0,-0.001,1.957,1.95,1.972,1.952,1.959,1.959,1.938,1.939,1.943,1.931,1.937,1.92,1.981,1.974,1.962,1.962,1.953,1.939,1.968,1.974,1.962,1.981,1.941,1.964,1.888,1.886,1.849,1.797,1.788,1.795,1.893,1.87,1.843,1.826,1.838,1.854,
,17:59:10,1.988,1.981,1.98,1.988,1.982,1.969,2.005,1.997,1.995,1.994,2.005,1.995,1.919,1.912,1.919,1.824,1.827,1.857,1.907,1.914,1.913,1.858,1.864,1.846,1.903,1.914,1.91,1.939,1.914,1.915,1.922,1.911,1.915,1.909,1.91,1.905,1.702,1.68,1.707,1.679,1.698,1.699,1.582,1.586,1.592,1.54,1.543,1.55,-0.002,-0.002,-0.002,0,0.001,0,0,-0.002,-0.002,0.009,0,-0.001,1.956,1.95,1.97,1.955,1.964,1.963,1.936,1.938,1.94,1.935,1.939,1.924,1.988,1.982,1.972,1.969,1.96,1.949,1.975,1.983,1.971,1.989,1.952,1.973,1.889,1.887,1.85,1.799,1.788,1.796,1.893,1.87,1.842,1.823,1.837,1.849,
,18:29:10,1.99,1.98,1.98,1.988,1.983,1.969,2.006,1.997,1.996,1.994,2.003,1.995,1.918,1.911,1.919,1.839,1.841,1.874,1.906,1.913,1.911,1.858,1.875,1.859,1.902,1.913,1.911,1.939,1.914,1.915,1.921,1.91,1.914,1.908,1.91,1.902,1.728,1.711,1.735,1.709,1.726,1.728,1.616,1.62,1.629,1.579,1.577,1.584,-0.002,-0.001,-0.002,0.001,0.002,0,0.001,-0.002,-0.001,0.004,0.001,0,1.955,1.95,1.969,1.955,1.963,1.963,1.935,1.937,1.939,1.936,1.941,1.925,1.995,1.987,1.98,1.973,1.964,1.955,1.98,1.989,1.977,1.995,1.962,1.98,1.888,1.888,1.85,1.8,1.789,1.795,1.892,1.87,1.841,1.826,1.836,1.852,
,18:59:10,1.989,1.98,1.98,1.988,1.983,1.97,2.006,1.997,1.996,1.994,2.002,1.998,1.918,1.909,1.917,1.851,1.854,1.887,1.904,1.91,1.909,1.863,1.876,1.878,1.901,1.912,1.91,1.938,1.915,1.914,1.92,1.91,1.912,1.907,1.908,1.902,1.754,1.74,1.762,1.736,1.752,1.754,1.646,1.652,1.664,1.615,1.612,1.619,-0.001,-0.001,-0.001,0,0.001,0.001,0.001,-0.001,-0.001,0.002,0.001,0,1.953,1.949,1.968,1.955,1.963,1.963,1.934,1.935,1.939,1.937,1.942,1.926,1.999,1.992,1.984,1.976,1.965,1.956,1.984,1.992,1.98,1.999,1.971,1.982,1.889,1.888,1.851,1.799,1.787,1.796,1.893,1.869,1.842,1.823,1.834,1.851,
,19:29:10,1.989,1.979,1.979,1.986,1.983,1.969,2.006,1.996,1.996,1.994,2.002,1.997,1.916,1.908,1.916,1.856,1.866,1.897,1.903,1.91,1.908,1.88,1.886,1.882,1.899,1.912,1.91,1.937,1.913,1.914,1.919,1.909,1.91,1.906,1.907,1.901,1.778,1.769,1.787,1.759,1.773,1.777,1.677,1.681,1.692,1.645,1.641,1.649,-0.001,-0.001,-0.001,0,0.003,0.003,0,-0.002,-0.002,0.001,0,0,1.952,1.948,1.966,1.955,1.962,1.961,1.933,1.935,1.939,1.935,1.943,1.924,2.001,1.993,1.986,1.976,1.965,1.957,1.984,1.993,1.982,2.002,1.971,1.985,1.888,1.887,1.851,1.798,1.788,1.795,1.892,1.87,1.842,1.823,1.834,1.851,
,19:59:10,1.989,1.979,1.979,1.986,1.983,1.971,2.007,1.996,1.997,1.993,2.001,1.995,1.916,1.906,1.916,1.862,1.875,1.903,1.902,1.909,1.908,1.883,1.884,1.885,1.898,1.912,1.91,1.936,1.911,1.913,1.918,1.909,1.91,1.906,1.908,1.9,1.799,1.792,1.811,1.778,1.793,1.8,1.704,1.711,1.721,1.677,1.671,1.682,-0.001,-0.001,-0.001,0,0.002,0.001,0.001,-0.002,-0.001,0,0,0.001,1.952,1.947,1.966,1.954,1.961,1.961,1.933,1.934,1.939,1.933,1.943,1.923,2.001,1.994,1.987,1.975,1.966,1.958,1.985,1.993,1.984,2.001,1.976,1.984,1.885,1.887,1.851,1.797,1.789,1.796,1.893,1.868,1.841,1.823,1.832,1.847,
,20:29:10,1.989,1.978,1.979,1.985,1.982,1.97,2.007,1.996,1.995,1.993,1.999,1.997,1.915,1.905,1.915,1.866,1.879,1.905,1.902,1.907,1.906,1.882,1.889,1.884,1.896,1.911,1.909,1.934,1.909,1.913,1.916,1.908,1.909,1.905,1.907,1.899,1.816,1.815,1.83,1.797,1.811,1.812,1.73,1.737,1.75,1.707,1.697,1.71,-0.002,-0.001,-0.002,0,0.002,0,0,-0.002,-0.002,0.006,0,0.001,1.95,1.945,1.963,1.953,1.958,1.959,1.933,1.934,1.938,1.932,1.941,1.921,2,1.994,1.987,1.973,1.965,1.956,1.984,1.992,1.983,2.001,1.972,1.983,1.885,1.886,1.851,1.795,1.788,1.797,1.892,1.867,1.843,1.825,1.833,1.849,
,20:59:10,1.99,1.979,1.979,1.986,1.983,1.97,2.007,1.996,1.996,1.993,2.001,1.995,1.916,1.905,1.914,1.867,1.882,1.907,1.902,1.907,1.906,1.884,1.89,1.886,1.895,1.911,1.91,1.932,1.908,1.913,1.915,1.908,1.909,1.907,1.908,1.901,1.832,1.836,1.846,1.811,1.824,1.826,1.755,1.762,1.777,1.734,1.731,1.744,-0.001,-0.001,-0.001,0.001,0,0.002,0.001,-0.002,-0.002,0.003,0,0,1.95,1.945,1.963,1.953,1.957,1.958,1.933,1.934,1.938,1.93,1.938,1.92,2,1.993,1.987,1.972,1.964,1.955,1.982,1.991,1.983,2.004,1.971,1.983,1.885,1.886,1.852,1.794,1.79,1.799,1.892,1.867,1.843,1.824,1.834,1.85,
,21:29:10,1.989,1.978,1.979,1.985,1.981,1.97,2.007,1.996,1.994,1.992,2,1.995,1.914,1.904,1.913,1.868,1.883,1.908,1.901,1.906,1.905,1.883,1.885,1.884,1.894,1.91,1.909,1.93,1.905,1.912,1.913,1.908,1.907,1.906,1.906,1.898,1.845,1.849,1.857,1.823,1.833,1.836,1.781,1.787,1.8,1.76,1.754,1.768,-0.002,-0.002,-0.001,0,0,0,0,-0.002,-0.003,0.008,-0.001,0.002,1.949,1.943,1.962,1.952,1.955,1.958,1.932,1.931,1.937,1.93,1.936,1.918,1.998,1.991,1.985,1.97,1.963,1.953,1.982,1.989,1.981,2.002,1.974,1.982,1.885,1.885,1.852,1.793,1.789,1.8,1.892,1.866,1.842,1.824,1.831,1.846,
,21:59:10,1.99,1.979,1.98,1.985,1.983,1.971,2.008,1.997,1.995,1.994,2,1.998,1.915,1.904,1.913,1.87,1.884,1.909,1.901,1.906,1.905,1.883,1.89,1.883,1.893,1.911,1.909,1.929,1.904,1.912,1.913,1.908,1.908,1.907,1.905,1.9,1.856,1.858,1.868,1.829,1.841,1.843,1.805,1.811,1.822,1.784,1.782,1.799,-0.001,-0.001,0,0.001,0,0.001,0.001,-0.001,-0.002,0.001,0.001,0,1.949,1.943,1.962,1.952,1.954,1.958,1.933,1.932,1.938,1.931,1.937,1.919,1.998,1.991,1.984,1.97,1.962,1.953,1.982,1.989,1.98,2.001,1.972,1.983,1.887,1.886,1.853,1.794,1.79,1.8,1.893,1.868,1.844,1.824,1.833,1.845,
,22:29:10,1.989,1.978,1.978,1.985,1.982,1.97,2.008,1.996,1.994,1.992,1.999,1.994,1.913,1.903,1.912,1.869,1.883,1.907,1.9,1.905,1.905,1.881,1.883,1.884,1.892,1.91,1.908,1.926,1.902,1.909,1.913,1.908,1.906,1.906,1.904,1.897,1.866,1.862,1.872,1.833,1.842,1.847,1.825,1.83,1.84,1.806,1.804,1.817,-0.002,-0.002,-0.001,0.001,0.004,0.001,0,-0.002,-0.003,0.004,0,-0.001,1.948,1.942,1.96,1.95,1.952,1.955,1.932,1.93,1.937,1.928,1.934,1.917,1.996,1.99,1.982,1.969,1.962,1.951,1.981,1.989,1.979,1.999,1.969,1.983,1.886,1.884,1.852,1.793,1.79,1.8,1.893,1.867,1.843,1.826,1.832,1.844,
,22:59:10,1.989,1.978,1.978,1.985,1.982,1.97,2.008,1.996,1.994,1.992,1.997,1.996,1.914,1.903,1.912,1.869,1.883,1.907,1.901,1.905,1.903,1.881,1.888,1.885,1.89,1.909,1.907,1.925,1.901,1.908,1.912,1.907,1.907,1.904,1.904,1.898,1.871,1.863,1.875,1.835,1.844,1.85,1.842,1.847,1.857,1.824,1.823,1.836,-0.002,-0.002,-0.001,0.001,0.003,0.007,0,-0.002,-0.003,0.001,0,-0.001,1.947,1.941,1.96,1.949,1.951,1.955,1.933,1.931,1.937,1.927,1.935,1.917,1.996,1.988,1.982,1.968,1.96,1.951,1.98,1.987,1.978,2,1.965,1.981,1.886,1.885,1.853,1.792,1.791,1.799,1.892,1.867,1.843,1.824,1.833,1.845,
,23:29:10,1.989,1.978,1.979,1.985,1.982,1.969,2.008,1.996,1.994,1.992,1.997,1.997,1.914,1.902,1.912,1.868,1.883,1.906,1.9,1.904,1.903,1.881,1.887,1.885,1.89,1.909,1.905,1.923,1.898,1.907,1.912,1.907,1.906,1.904,1.905,1.895,1.873,1.864,1.877,1.836,1.845,1.851,1.857,1.859,1.871,1.845,1.842,1.854,-0.002,-0.002,-0.001,0,0.005,0.004,0,-0.002,-0.003,0.002,0,-0.001,1.947,1.941,1.96,1.948,1.95,1.954,1.932,1.931,1.937,1.924,1.932,1.916,1.995,1.987,1.981,1.967,1.96,1.95,1.98,1.988,1.977,1.998,1.964,1.981,1.886,1.885,1.853,1.794,1.791,1.8,1.892,1.867,1.844,1.825,1.832,1.849,
,23:59:10,1.989,1.977,1.978,1.983,1.981,1.97,2.008,1.995,1.993,1.99,1.998,1.992,1.913,1.901,1.911,1.868,1.883,1.905,1.9,1.903,1.902,1.88,1.887,1.883,1.888,1.908,1.904,1.921,1.896,1.905,1.912,1.906,1.906,1.902,1.901,1.896,1.872,1.862,1.875,1.835,1.845,1.851,1.866,1.869,1.879,1.859,1.859,1.867,-0.003,-0.003,-0.002,0,0.004,0.007,-0.001,-0.003,-0.003,0.008,-0.001,-0.002,1.946,1.94,1.959,1.947,1.949,1.952,1.931,1.93,1.937,1.922,1.93,1.915,1.993,1.987,1.98,1.965,1.959,1.949,1.979,1.988,1.977,1.997,1.963,1.98,1.886,1.884,1.852,1.793,1.792,1.798,1.891,1.867,1.841,1.824,1.833,1.848,
,24:29:10,1.989,1.979,1.978,1.984,1.981,1.97,2.009,1.996,1.993,1.991,1.998,1.994,1.913,1.901,1.911,1.868,1.884,1.905,1.901,1.904,1.902,1.879,1.884,1.884,1.889,1.908,1.904,1.92,1.895,1.904,1.912,1.907,1.906,1.903,1.902,1.896,1.871,1.863,1.874,1.837,1.846,1.852,1.874,1.877,1.886,1.87,1.866,1.878,-0.002,-0.002,-0.001,0,0.002,0.001,-0.001,-0.002,-0.003,0.006,0,0.002,1.946,1.941,1.959,1.948,1.949,1.952,1.932,1.93,1.938,1.922,1.931,1.915,1.994,1.987,1.98,1.965,1.959,1.949,1.98,1.989,1.977,1.997,1.963,1.979,1.886,1.885,1.854,1.794,1.793,1.798,1.891,1.869,1.844,1.825,1.834,1.848,
,,,,,,,,,,,,,,,,,,,,,,,,,,,,,,,,,,,,,,,,,,,,,,,,,,,,,,,,,,,,,,,,,,,,,,,,,,,,,,,,,,,,,,,,,,,,,,,,,,
Results,,,,,,,,,,,,,,,,,,,,,,,,,,,,,,,,,,,,,,,,,,,,,,,,,,,,,,,,,,,,,,,,,,,,,,,,,,,,,,,,,,,,,,,,,,,,,,,,,,
,,,,,,,,,,,,,,,,,,,,,,,,,,,,,,,,,,,,,,,,,,,,,,,,,,,,,,,,,,,,,,,,,,,,,,,,,,,,,,,,,,,,,,,,,,,,,,,,,,
,,1,2,3,4,5,6,7,8,9,10,11,12,,,,,,,,,,,,,,,,,,,,,,,,,,,,,,,,,,,,,,,,,,,,,,,,,,,,,,,,,,,,,,,,,,,,,,,,,,,,,,,,,,,,,
,A,4.372,4.264,4.277,5.131,4.28,4.205,4.248,4.282,4.266,4.334,4.387,4.274,Max V [Blank Read 2:600],,,,,,,,,,,,,,,,,,,,,,,,,,,,,,,,,,,,,,,,,,,,,,,,,,,,,,,,,,,,,,,,,,,,,,,,,,,,,,,,,,,,
,,1,1,1,0.998,0.999,1,1,1,1,1,1,1,R-Squared [Blank Read 2:600],,,,,,,,,,,,,,,,,,,,,,,,,,,,,,,,,,,,,,,,,,,,,,,,,,,,,,,,,,,,,,,,,,,,,,,,,,,,,,,,,,,,
,,7:59:10,7:59:10,7:59:10,8:59:10,8:29:10,8:29:10,8:59:10,9:29:10,8:59:10,9:59:10,9:29:10,9:59:10,t at Max V [Blank Read 2:600],,,,,,,,,,,,,,,,,,,,,,,,,,,,,,,,,,,,,,,,,,,,,,,,,,,,,,,,,,,,,,,,,,,,,,,,,,,,,,,,,,,,
,,3:54:08,3:55:25,3:52:19,4:55:28,3:56:06,4:06:14,4:40:55,4:49:55,4:46:11,5:06:28,4:56:35,4:55:13,Lagtime [Blank Read 2:600],,,,,,,,,,,,,,,,,,,,,,,,,,,,,,,,,,,,,,,,,,,,,,,,,,,,,,,,,,,,,,,,,,,,,,,,,,,,,,,,,,,,
,B,4.237,4.207,4.178,3.555,3.397,3.675,4.381,4.023,4.197,3.307,3.311,3.308,Max V [Blank Read 2:600],,,,,,,,,,,,,,,,,,,,,,,,,,,,,,,,,,,,,,,,,,,,,,,,,,,,,,,,,,,,,,,,,,,,,,,,,,,,,,,,,,,,
,,0.998,0.998,0.999,0.999,0.999,1,0.999,0.999,0.998,1,1,1,R-Squared [Blank Read 2:600],,,,,,,,,,,,,,,,,,,,,,,,,,,,,,,,,,,,,,,,,,,,,,,,,,,,,,,,,,,,,,,,,,,,,,,,,,,,,,,,,,,,
,,7:29:10,8:29:10,7:59:10,8:59:10,8:59:10,9:29:10,7:29:10,7:29:10,6:59:10,8:29:10,8:29:10,8:29:10,t at Max V [Blank Read 2:600],,,,,,,,,,,,,,,,,,,,,,,,,,,,,,,,,,,,,,,,,,,,,,,,,,,,,,,,,,,,,,,,,,,,,,,,,,,,,,,,,,,,
,,4:16:59,4:42:39,4:21:09,4:46:15,4:28:28,5:05:48,4:12:01,3:53:36,3:53:56,4:14:35,4:05:32,4:03:39,Lagtime [Blank Read 2:600],,,,,,,,,,,,,,,,,,,,,,,,,,,,,,,,,,,,,,,,,,,,,,,,,,,,,,,,,,,,,,,,,,,,,,,,,,,,,,,,,,,,
,C,3.849,4.214,4.157,4.215,4.03,4.016,4.722,4.421,4.329,3.925,4.056,4.234,Max V [Blank Read 2:600],,,,,,,,,,,,,,,,,,,,,,,,,,,,,,,,,,,,,,,,,,,,,,,,,,,,,,,,,,,,,,,,,,,,,,,,,,,,,,,,,,,,
,,1,0.998,0.998,1,0.998,0.999,0.998,0.999,0.998,1,0.999,0.999,R-Squared [Blank Read 2:600],,,,,,,,,,,,,,,,,,,,,,,,,,,,,,,,,,,,,,,,,,,,,,,,,,,,,,,,,,,,,,,,,,,,,,,,,,,,,,,,,,,,
,,7:29:10,7:59:10,7:59:10,7:59:10,7:59:10,7:59:10,8:29:10,8:29:10,8:29:10,8:29:10,8:29:10,8:59:10,t at Max V [Blank Read 2:600],,,,,,,,,,,,,,,,,,,,,,,,,,,,,,,,,,,,,,,,,,,,,,,,,,,,,,,,,,,,,,,,,,,,,,,,,,,,,,,,,,,,
,,3:33:14,4:08:32,4:04:02,4:04:17,4:07:00,4:02:10,5:00:50,4:36:16,4:31:11,4:13:54,4:20:28,4:46:11,Lagtime [Blank Read 2:600],,,,,,,,,,,,,,,,,,,,,,,,,,,,,,,,,,,,,,,,,,,,,,,,,,,,,,,,,,,,,,,,,,,,,,,,,,,,,,,,,,,,
,D,3.092,3.5,3.297,2.521,2.529,2.548,3.462,3.854,3.703,3.113,3.23,3.355,Max V [Blank Read 2:600],,,,,,,,,,,,,,,,,,,,,,,,,,,,,,,,,,,,,,,,,,,,,,,,,,,,,,,,,,,,,,,,,,,,,,,,,,,,,,,,,,,,
,,0.997,0.998,1,1,1,0.999,0.999,0.999,0.999,0.999,1,0.999,R-Squared [Blank Read 2:600],,,,,,,,,,,,,,,,,,,,,,,,,,,,,,,,,,,,,,,,,,,,,,,,,,,,,,,,,,,,,,,,,,,,,,,,,,,,,,,,,,,,
,,11:59:10,12:29:10,11:59:10,11:59:10,11:29:10,11:59:10,14:29:10,14:29:10,13:59:10,13:59:10,13:59:10,13:59:10,t at Max V [Blank Read 2:600],,,,,,,,,,,,,,,,,,,,,,,,,,,,,,,,,,,,,,,,,,,,,,,,,,,,,,,,,,,,,,,,,,,,,,,,,,,,,,,,,,,,
,,6:04:08,7:08:40,6:37:48,5:08:48,4:56:58,5:13:16,8:57:48,9:46:08,9:18:07,8:41:34,8:42:25,8:58:56,Lagtime [Blank Read 2:600],,,,,,,,,,,,,,,,,,,,,,,,,,,,,,,,,,,,,,,,,,,,,,,,,,,,,,,,,,,,,,,,,,,,,,,,,,,,,,,,,,,,
,E,-0.012,-0.014,-0.012,-0.013,0.041,0.053,-0.013,-0.012,-0.011,-0.067,0.036,-0.025,Max V [Blank Read 2:600],,,,,,,,,,,,,,,,,,,,,,,,,,,,,,,,,,,,,,,,,,,,,,,,,,,,,,,,,,,,,,,,,,,,,,,,,,,,,,,,,,,,
,,0.92,0.879,0.814,0.924,0.761,0.654,0.721,0.81,0.822,0.795,0.91,0.828,R-Squared [Blank Read 2:600],,,,,,,,,,,,,,,,,,,,,,,,,,,,,,,,,,,,,,,,,,,,,,,,,,,,,,,,,,,,,,,,,,,,,,,,,,,,,,,,,,,,
,,1:29:10,22:59:10,22:59:10,22:59:10,22:29:10,22:59:10,22:59:10,22:59:10,22:59:10,18:59:10,2:29:10,22:29:10,t at Max V [Blank Read 2:600],,,,,,,,,,,,,,,,,,,,,,,,,,,,,,,,,,,,,,,,,,,,,,,,,,,,,,,,,,,,,,,,,,,,,,,,,,,,,,,,,,,,
,,?????,18:57:28,23:54:02,24:14:42,24:16:51,22:44:48,20:26:36,21:50:47,23:44:19,20:14:17,1:25:14,23:21:08,Lagtime [Blank Read 2:600],,,,,,,,,,,,,,,,,,,,,,,,,,,,,,,,,,,,,,,,,,,,,,,,,,,,,,,,,,,,,,,,,,,,,,,,,,,,,,,,,,,,
,F,4.195,4.36,4.767,4.035,4.247,3.626,4.867,4.552,4.673,3.682,3.645,3.712,Max V [Blank Read 2:600],,,,,,,,,,,,,,,,,,,,,,,,,,,,,,,,,,,,,,,,,,,,,,,,,,,,,,,,,,,,,,,,,,,,,,,,,,,,,,,,,,,,
,,0.999,0.999,0.998,0.999,0.999,1,0.997,0.999,0.998,1,1,1,R-Squared [Blank Read 2:600],,,,,,,,,,,,,,,,,,,,,,,,,,,,,,,,,,,,,,,,,,,,,,,,,,,,,,,,,,,,,,,,,,,,,,,,,,,,,,,,,,,,
,,7:59:10,8:29:10,8:29:10,10:29:10,10:29:10,9:59:10,8:29:10,7:59:10,7:29:10,9:59:10,9:59:10,9:59:10,t at Max V [Blank Read 2:600],,,,,,,,,,,,,,,,,,,,,,,,,,,,,,,,,,,,,,,,,,,,,,,,,,,,,,,,,,,,,,,,,,,,,,,,,,,,,,,,,,,,
,,3:58:28,4:15:08,4:35:53,5:35:42,5:34:40,4:42:25,4:50:30,4:21:06,4:20:42,4:53:22,4:55:47,4:49:31,Lagtime [Blank Read 2:600],,,,,,,,,,,,,,,,,,,,,,,,,,,,,,,,,,,,,,,,,,,,,,,,,,,,,,,,,,,,,,,,,,,,,,,,,,,,,,,,,,,,
,G,4.006,4.053,4.154,3.902,4.016,4.017,4.409,4.192,4.815,3.953,4.138,4.188,Max V [Blank Read 2:600],,,,,,,,,,,,,,,,,,,,,,,,,,,,,,,,,,,,,,,,,,,,,,,,,,,,,,,,,,,,,,,,,,,,,,,,,,,,,,,,,,,,
,,1,1,1,1,1,1,0.998,1,0.998,1,1,1,R-Squared [Blank Read 2:600],,,,,,,,,,,,,,,,,,,,,,,,,,,,,,,,,,,,,,,,,,,,,,,,,,,,,,,,,,,,,,,,,,,,,,,,,,,,,,,,,,,,
,,10:29:10,10:29:10,10:59:10,9:59:10,10:59:10,11:29:10,11:29:10,10:59:10,11:29:10,9:59:10,11:59:10,11:29:10,t at Max V [Blank Read 2:600],,,,,,,,,,,,,,,,,,,,,,,,,,,,,,,,,,,,,,,,,,,,,,,,,,,,,,,,,,,,,,,,,,,,,,,,,,,,,,,,,,,,
,,5:38:05,5:27:11,5:49:41,5:23:01,5:43:07,6:05:56,6:10:12,5:46:35,6:59:50,5:23:16,6:32:13,6:13:52,Lagtime [Blank Read 2:600],,,,,,,,,,,,,,,,,,,,,,,,,,,,,,,,,,,,,,,,,,,,,,,,,,,,,,,,,,,,,,,,,,,,,,,,,,,,,,,,,,,,
,H,3.638,3.728,3.751,3.632,3.59,3.592,3.767,3.685,3.635,3.665,3.674,3.722,Max V [Blank Read 2:600],,,,,,,,,,,,,,,,,,,,,,,,,,,,,,,,,,,,,,,,,,,,,,,,,,,,,,,,,,,,,,,,,,,,,,,,,,,,,,,,,,,,
,,1,1,1,1,1,1,1,1,1,1,1,1,R-Squared [Blank Read 2:600],,,,,,,,,,,,,,,,,,,,,,,,,,,,,,,,,,,,,,,,,,,,,,,,,,,,,,,,,,,,,,,,,,,,,,,,,,,,,,,,,,,,
,,10:29:10,10:29:10,10:59:10,10:59:10,11:29:10,10:59:10,9:59:10,9:59:10,10:59:10,10:59:10,10:29:10,10:29:10,t at Max V [Blank Read 2:600],,,,,,,,,,,,,,,,,,,,,,,,,,,,,,,,,,,,,,,,,,,,,,,,,,,,,,,,,,,,,,,,,,,,,,,,,,,,,,,,,,,,
,,5:50:25,5:58:37,6:25:10,6:31:06,6:34:39,6:31:58,5:32:26,5:39:46,6:05:15,6:17:16,6:06:20,5:57:54,Lagtime [Blank Read 2:600],,,,,,,,,,,,,,,,,,,,,,,,,,,,,,,,,,,,,,,,,,,,,,,,,,,,,,,,,,,,,,,,,,,,,,,,,,,,,,,,,,,,